year,team1,team2,team1_score,team2_score,team1_win,AdjOE_1,AdjOE_2,AdjOE_diff,AdjDE_1,AdjDE_2,AdjDE_diff,Adj T._1,Adj T._2,Adj T._diff
2008,Mount St. Mary's,Coppin St.,69,60,1,97.6,90.5,7.099999999999994,99.2,105.7,-6.5,67.5,63.7,3.799999999999997
2008,Winthrop,Washington St.,40,71,0,98.3,114.3,-16.0,91.0,92.0,-1.0,63.5,60.1,3.3999999999999986
2008,George Mason,Notre Dame,50,68,0,109.4,115.7,-6.299999999999997,99.0,95.6,3.4000000000000057,63.8,70.7,-6.900000000000006
2008,Portland St.,Kansas,61,85,0,105.5,121.1,-15.599999999999994,102.0,85.9,16.099999999999994,68.2,69.5,-1.2999999999999972
2008,Kent St.,Nevada Las Vegas,58,71,0,107.0,108.4,-1.4000000000000057,94.4,94.1,0.30000000000001137,66.3,66.1,0.20000000000000284
2008,Kansas St.,Southern California,80,67,1,112.9,108.3,4.6000000000000085,92.5,89.7,2.799999999999997,72.2,67.6,4.6000000000000085
2008,Cal St. Fullerton,Wisconsin,56,71,0,109.4,112.3,-2.8999999999999915,102.4,85.2,17.200000000000003,74.1,63.5,10.599999999999994
2008,Temple,Michigan St.,61,72,0,110.8,114.1,-3.299999999999997,99.1,92.8,6.299999999999997,65.5,65.4,0.09999999999999432
2008,Kentucky,Marquette,66,74,0,105.8,113.1,-7.299999999999997,94.7,90.2,4.5,64.5,68.9,-4.400000000000006
2008,Oral Roberts,Pittsburgh,63,82,0,102.5,116.2,-13.700000000000003,92.6,96.0,-3.4000000000000057,65.5,65.2,0.29999999999999716
2008,Cornell,Stanford,53,77,0,107.8,111.6,-3.799999999999997,103.8,88.9,14.899999999999991,69.9,65.2,4.700000000000003
2008,Georgia,Xavier,61,73,0,102.7,115.3,-12.599999999999994,94.7,92.6,2.1000000000000085,66.6,65.8,0.7999999999999972
2008,Baylor,Purdue,79,90,0,114.7,108.8,5.900000000000006,98.5,90.5,8.0,71.7,68.2,3.5
2008,Belmont,Duke,70,71,0,105.8,117.3,-11.5,105.1,89.0,16.099999999999994,71.4,73.7,-2.299999999999997
2008,Texas A&M,Brigham Young,67,62,1,112.6,105.1,7.5,91.5,89.5,2.0,64.2,70.4,-6.200000000000003
2008,Arizona,West Virginia,65,75,0,115.2,113.2,2.0,95.0,92.5,2.5,65.3,65.8,-0.5
2008,Mississippi Valley St.,UCLA,29,70,0,90.3,116.4,-26.10000000000001,105.4,87.2,18.200000000000003,64.9,66.2,-1.2999999999999972
2008,American,Tennessee,57,72,0,105.3,116.4,-11.100000000000009,104.6,92.5,12.099999999999994,62.7,72.7,-10.0
2008,South Alabama,Butler,61,81,0,110.7,114.4,-3.700000000000003,98.4,95.5,2.9000000000000057,66.6,61.2,5.3999999999999915
2008,Saint Joseph's,Oklahoma,64,72,0,113.5,108.1,5.400000000000006,98.8,92.5,6.299999999999997,65.5,65.4,0.09999999999999432
2008,Mount St. Mary's,North Carolina,74,113,0,97.6,120.3,-22.700000000000003,99.2,92.0,7.200000000000003,67.5,75.1,-7.599999999999994
2008,Arkansas,Indiana,86,72,1,108.3,113.7,-5.400000000000006,92.5,93.4,-0.9000000000000057,68.9,68.6,0.30000000000001137
2008,Boise St.,Louisville,61,79,0,106.5,110.4,-3.9000000000000057,102.8,87.7,15.099999999999994,73.1,67.5,5.599999999999994
2008,Davidson,Gonzaga,82,76,1,111.0,112.2,-1.2000000000000028,92.2,92.8,-0.5999999999999943,69.0,68.3,0.7000000000000028
2008,MD Baltimore County,Georgetown,47,66,0,111.5,113.2,-1.7000000000000028,108.4,88.2,20.200000000000003,66.1,63.0,3.0999999999999943
2008,Siena,Vanderbilt,83,62,1,106.7,111.8,-5.099999999999994,100.2,97.4,2.799999999999997,69.1,70.5,-1.4000000000000057
2008,Villanova,Clemson,75,69,1,107.8,113.7,-5.900000000000006,95.3,90.8,4.5,69.4,69.6,-0.19999999999998863
2008,St. Mary's,Miami FL,64,78,0,108.4,110.8,-2.3999999999999915,92.9,95.7,-2.799999999999997,68.2,67.5,0.7000000000000028
2008,Austin Peay,Texas,54,74,0,102.8,120.1,-17.299999999999997,103.6,94.5,9.099999999999994,67.4,64.8,2.6000000000000085
2008,Oregon,Mississippi St.,69,76,0,117.9,106.5,11.400000000000006,101.5,90.7,10.799999999999997,67.9,68.6,-0.6999999999999886
2008,Texas Arlington,Memphis,63,87,0,99.3,113.4,-14.100000000000009,101.4,84.0,17.400000000000006,70.6,70.7,-0.10000000000000853
2008,Western Kentucky,Drake,101,99,1,108.9,118.1,-9.199999999999989,95.7,96.5,-0.7999999999999972,69.0,64.2,4.799999999999997
2008,San Diego,Connecticut,70,69,1,98.8,114.5,-15.700000000000003,94.9,94.6,0.30000000000001137,65.4,69.2,-3.799999999999997
2008,Notre Dame,Washington St.,41,61,0,115.7,114.3,1.4000000000000057,95.6,92.0,3.5999999999999943,70.7,60.1,10.600000000000001
2008,Kansas St.,Wisconsin,55,72,0,112.9,112.3,0.6000000000000085,92.5,85.2,7.299999999999997,72.2,63.5,8.700000000000003
2008,Nevada Las Vegas,Kansas,56,75,0,108.4,121.1,-12.699999999999989,94.1,85.9,8.199999999999989,66.1,69.5,-3.4000000000000057
2008,Marquette,Stanford,81,82,0,113.1,111.6,1.5,90.2,88.9,1.2999999999999972,68.9,65.2,3.700000000000003
2008,Michigan St.,Pittsburgh,65,54,1,114.1,116.2,-2.1000000000000085,92.8,96.0,-3.200000000000003,65.4,65.2,0.20000000000000284
2008,West Virginia,Duke,73,67,1,113.2,117.3,-4.099999999999994,92.5,89.0,3.5,65.8,73.7,-7.900000000000006
2008,Purdue,Xavier,78,85,0,108.8,115.3,-6.5,90.5,92.6,-2.0999999999999943,68.2,65.8,2.4000000000000057
2008,Texas A&M,UCLA,49,51,0,112.6,116.4,-3.8000000000000114,91.5,87.2,4.299999999999997,64.2,66.2,-2.0
2008,Butler,Tennessee,71,76,0,114.4,116.4,-2.0,95.5,92.5,3.0,61.2,72.7,-11.5
2008,Oklahoma,Louisville,48,78,0,108.1,110.4,-2.3000000000000114,92.5,87.7,4.799999999999997,65.4,67.5,-2.0999999999999943
2008,Arkansas,North Carolina,77,108,0,108.3,120.3,-12.0,92.5,92.0,0.5,68.9,75.1,-6.199999999999989
2008,Siena,Villanova,72,84,0,106.7,107.8,-1.0999999999999943,100.2,95.3,4.900000000000006,69.1,69.4,-0.30000000000001137
2008,Davidson,Georgetown,74,70,1,111.0,113.2,-2.200000000000003,92.2,88.2,4.0,69.0,63.0,6.0
2008,Miami FL,Texas,72,75,0,110.8,120.1,-9.299999999999997,95.7,94.5,1.2000000000000028,67.5,64.8,2.700000000000003
2008,Mississippi St.,Memphis,74,77,0,106.5,113.4,-6.900000000000006,90.7,84.0,6.700000000000003,68.6,70.7,-2.1000000000000085
2008,San Diego,Western Kentucky,63,72,0,98.8,108.9,-10.100000000000009,94.9,95.7,-0.7999999999999972,65.4,69.0,-3.5999999999999943
2008,Washington St.,North Carolina,47,68,0,114.3,120.3,-6.0,92.0,92.0,0.0,60.1,75.1,-14.999999999999993
2008,Louisville,Tennessee,79,60,1,110.4,116.4,-6.0,87.7,92.5,-4.799999999999997,67.5,72.7,-5.200000000000003
2008,West Virginia,Xavier,75,79,0,113.2,115.3,-2.0999999999999943,92.5,92.6,-0.09999999999999432,65.8,65.8,0.0
2008,Western Kentucky,UCLA,78,88,0,108.9,116.4,-7.5,95.7,87.2,8.5,69.0,66.2,2.799999999999997
2008,Davidson,Wisconsin,73,56,1,111.0,112.3,-1.2999999999999972,92.2,85.2,7.0,69.0,63.5,5.5
2008,Villanova,Kansas,57,72,0,107.8,121.1,-13.299999999999997,95.3,85.9,9.399999999999991,69.4,69.5,-0.09999999999999432
2008,Stanford,Texas,62,82,0,111.6,120.1,-8.5,88.9,94.5,-5.599999999999994,65.2,64.8,0.4000000000000057
2008,Michigan St.,Memphis,74,92,0,114.1,113.4,0.6999999999999886,92.8,84.0,8.799999999999997,65.4,70.7,-5.299999999999997
2008,Louisville,North Carolina,73,83,0,110.4,120.3,-9.899999999999991,87.7,92.0,-4.299999999999997,67.5,75.1,-7.599999999999994
2008,Xavier,UCLA,57,76,0,115.3,116.4,-1.1000000000000085,92.6,87.2,5.3999999999999915,65.8,66.2,-0.4000000000000057
2008,Davidson,Kansas,57,59,0,111.0,121.1,-10.099999999999994,92.2,85.9,6.299999999999997,69.0,69.5,-0.5
2008,Texas,Memphis,67,85,0,120.1,113.4,6.699999999999989,94.5,84.0,10.5,64.8,70.7,-5.900000000000006
2008,UCLA,Memphis,63,78,0,116.4,113.4,3.0,87.2,84.0,3.200000000000003,66.2,70.7,-4.5
2008,Kansas,North Carolina,84,66,1,121.1,120.3,0.7999999999999972,85.9,92.0,-6.099999999999994,69.5,75.1,-5.599999999999994
2008,Kansas,Memphis,75,68,1,121.1,113.4,7.699999999999989,85.9,84.0,1.9000000000000057,69.5,70.7,-1.2000000000000028
2009,Morehead St.,Alabama St.,58,43,1,99.9,99.6,0.30000000000001137,102.2,102.6,-0.3999999999999915,66.6,65.2,1.3999999999999915
2009,Minnesota,Texas,62,76,0,106.3,109.8,-3.5,91.1,90.8,0.29999999999999716,65.9,66.6,-0.6999999999999886
2009,American,Villanova,67,80,0,103.0,112.4,-9.400000000000006,99.4,91.0,8.400000000000006,61.6,68.2,-6.600000000000001
2009,Binghamton,Duke,62,86,0,100.8,116.7,-15.900000000000006,101.9,90.5,11.400000000000006,68.5,68.3,0.20000000000000284
2009,Virginia Commonwealth,UCLA,64,65,0,107.9,119.9,-12.0,95.3,93.3,2.0,67.4,66.6,0.8000000000000114
2009,Butler,Louisiana St.,71,75,0,108.6,110.6,-2.0,93.3,95.2,-1.9000000000000057,63.8,66.7,-2.9000000000000057
2009,Radford,North Carolina,58,101,0,99.6,121.8,-22.200000000000003,101.2,93.1,8.100000000000009,69.8,74.5,-4.700000000000003
2009,Michigan,Clemson,62,59,1,110.5,115.8,-5.299999999999997,95.8,94.9,0.8999999999999915,64.6,69.3,-4.700000000000003
2009,Akron,Gonzaga,64,77,0,101.1,114.6,-13.5,94.0,88.9,5.099999999999994,66.0,69.1,-3.0999999999999943
2009,Morgan St.,Oklahoma,54,82,0,98.2,117.6,-19.39999999999999,98.0,94.0,4.0,66.4,68.6,-2.1999999999999886
2009,Western Kentucky,Illinois,76,72,1,108.1,106.3,1.7999999999999972,102.2,87.3,14.900000000000006,66.4,63.6,2.8000000000000043
2009,Cal St. Northridge,Memphis,70,81,0,100.8,109.4,-8.600000000000009,96.1,81.8,14.299999999999997,73.0,67.8,5.200000000000003
2009,Texas A&M,Brigham Young,79,66,1,110.6,113.8,-3.200000000000003,96.2,92.5,3.700000000000003,65.1,70.1,-5.0
2009,Northern Iowa,Purdue,56,61,0,108.6,108.9,-0.30000000000001137,99.8,87.1,12.700000000000003,62.2,67.8,-5.599999999999994
2009,Maryland,California,84,71,1,107.4,115.7,-8.299999999999997,94.1,97.1,-3.0,68.0,67.4,0.5999999999999943
2009,Chattanooga,Connecticut,47,103,0,102.5,114.7,-12.200000000000003,106.0,87.1,18.900000000000006,70.9,68.0,2.9000000000000057
2009,Mississippi St.,Washington,58,71,0,107.2,111.5,-4.299999999999997,95.2,90.1,5.1000000000000085,68.7,73.8,-5.099999999999994
2009,Tennessee,Oklahoma St.,75,77,0,114.1,114.9,-0.8000000000000114,96.3,96.3,0.0,69.6,71.0,-1.4000000000000057
2009,East Tennessee St.,Pittsburgh,62,72,0,103.9,121.0,-17.099999999999994,99.9,91.6,8.300000000000011,71.3,66.4,4.8999999999999915
2009,Portland St.,Xavier,59,77,0,106.9,109.5,-2.5999999999999943,102.8,90.6,12.200000000000003,66.6,67.4,-0.8000000000000114
2009,Wisconsin,Florida St.,61,59,1,112.7,104.0,8.700000000000003,94.8,89.6,5.200000000000003,60.4,67.2,-6.800000000000004
2009,North Dakota St.,Kansas,74,84,0,111.7,114.4,-2.700000000000003,101.1,90.6,10.5,69.2,68.2,1.0
2009,Dayton,West Virginia,68,60,1,101.2,113.7,-12.5,91.6,88.9,2.6999999999999886,66.1,65.8,0.29999999999999716
2009,Arizona,Utah,84,71,1,116.3,110.0,6.299999999999997,99.8,92.1,7.700000000000003,65.4,65.7,-0.29999999999999716
2009,Morehead St.,Louisville,54,74,0,99.9,109.9,-10.0,102.2,84.6,17.60000000000001,66.6,68.7,-2.1000000000000085
2009,Southern California,Boston College,72,55,1,107.9,112.3,-4.3999999999999915,90.1,99.3,-9.200000000000003,65.0,67.0,-2.0
2009,Cleveland St.,Wake Forest,84,69,1,102.1,110.3,-8.200000000000003,91.6,90.1,1.5,65.1,73.8,-8.700000000000003
2009,Siena,Ohio St.,74,72,1,108.9,111.7,-2.799999999999997,97.5,95.1,2.4000000000000057,71.9,64.1,7.800000000000011
2009,Robert Morris,Michigan St.,62,77,0,101.3,112.0,-10.700000000000003,99.6,89.8,9.799999999999997,67.2,68.1,-0.8999999999999915
2009,Stephen F. Austin,Syracuse,44,59,0,95.8,115.7,-19.900000000000006,89.9,93.5,-3.5999999999999943,63.4,71.3,-7.899999999999999
2009,Temple,Arizona St.,57,66,0,107.5,117.2,-9.700000000000003,94.0,92.9,1.0999999999999943,65.0,60.9,4.100000000000001
2009,Utah St.,Marquette,57,58,0,115.1,116.4,-1.3000000000000114,100.6,94.8,5.799999999999997,61.5,69.5,-8.0
2009,Cornell,Missouri,59,78,0,106.3,114.5,-8.200000000000003,100.8,90.2,10.599999999999994,67.2,71.9,-4.700000000000003
2009,UCLA,Villanova,69,89,0,119.9,112.4,7.5,93.3,91.0,2.299999999999997,66.6,68.2,-1.6000000000000085
2009,Texas,Duke,69,74,0,109.8,116.7,-6.900000000000006,90.8,90.5,0.29999999999999716,66.6,68.3,-1.7000000000000028
2009,Louisiana St.,North Carolina,70,84,0,110.6,121.8,-11.200000000000003,95.2,93.1,2.1000000000000085,66.7,74.5,-7.799999999999997
2009,Michigan,Oklahoma,63,73,0,110.5,117.6,-7.099999999999994,95.8,94.0,1.7999999999999972,64.6,68.6,-4.0
2009,Western Kentucky,Gonzaga,81,83,0,108.1,114.6,-6.5,102.2,88.9,13.299999999999997,66.4,69.1,-2.6999999999999886
2009,Maryland,Memphis,70,89,0,107.4,109.4,-2.0,94.1,81.8,12.299999999999997,68.0,67.8,0.20000000000000284
2009,Texas A&M,Connecticut,66,92,0,110.6,114.7,-4.1000000000000085,96.2,87.1,9.100000000000009,65.1,68.0,-2.9000000000000057
2009,Purdue,Washington,76,74,1,108.9,111.5,-2.5999999999999943,87.1,90.1,-3.0,67.8,73.8,-6.0
2009,Wisconsin,Xavier,49,60,0,112.7,109.5,3.200000000000003,94.8,90.6,4.200000000000003,60.4,67.4,-7.000000000000007
2009,Oklahoma St.,Pittsburgh,76,84,0,114.9,121.0,-6.099999999999994,96.3,91.6,4.700000000000003,71.0,66.4,4.599999999999994
2009,Dayton,Kansas,43,60,0,101.2,114.4,-13.200000000000003,91.6,90.6,1.0,66.1,68.2,-2.1000000000000085
2009,Cleveland St.,Arizona,57,71,0,102.1,116.3,-14.200000000000003,91.6,99.8,-8.200000000000003,65.1,65.4,-0.30000000000001137
2009,Southern California,Michigan St.,69,74,0,107.9,112.0,-4.099999999999994,90.1,89.8,0.29999999999999716,65.0,68.1,-3.0999999999999943
2009,Siena,Louisville,72,79,0,108.9,109.9,-1.0,97.5,84.6,12.900000000000006,71.9,68.7,3.200000000000003
2009,Arizona St.,Syracuse,67,78,0,117.2,115.7,1.5,92.9,93.5,-0.5999999999999943,60.9,71.3,-10.399999999999999
2009,Marquette,Missouri,79,83,0,116.4,114.5,1.9000000000000057,94.8,90.2,4.599999999999994,69.5,71.9,-2.4000000000000057
2009,Xavier,Pittsburgh,55,60,0,109.5,121.0,-11.5,90.6,91.6,-1.0,67.4,66.4,1.0
2009,Villanova,Duke,77,54,1,112.4,116.7,-4.299999999999997,91.0,90.5,0.5,68.2,68.3,-0.09999999999999432
2009,Purdue,Connecticut,60,72,0,108.9,114.7,-5.799999999999997,87.1,87.1,0.0,67.8,68.0,-0.20000000000000284
2009,Missouri,Memphis,102,91,1,114.5,109.4,5.099999999999994,90.2,81.8,8.400000000000006,71.9,67.8,4.1000000000000085
2009,Arizona,Louisville,64,103,0,116.3,109.9,6.3999999999999915,99.8,84.6,15.200000000000003,65.4,68.7,-3.299999999999997
2009,Kansas,Michigan St.,62,67,0,114.4,112.0,2.4000000000000057,90.6,89.8,0.7999999999999972,68.2,68.1,0.10000000000000853
2009,Syracuse,Oklahoma,71,84,0,115.7,117.6,-1.8999999999999915,93.5,94.0,-0.5,71.3,68.6,2.700000000000003
2009,Gonzaga,North Carolina,77,98,0,114.6,121.8,-7.200000000000003,88.9,93.1,-4.199999999999989,69.1,74.5,-5.400000000000006
2009,Villanova,Pittsburgh,78,76,1,112.4,121.0,-8.599999999999994,91.0,91.6,-0.5999999999999943,68.2,66.4,1.7999999999999972
2009,Missouri,Connecticut,75,82,0,114.5,114.7,-0.20000000000000284,90.2,87.1,3.1000000000000085,71.9,68.0,3.9000000000000057
2009,Michigan St.,Louisville,64,52,1,112.0,109.9,2.0999999999999943,89.8,84.6,5.200000000000003,68.1,68.7,-0.6000000000000085
2009,Oklahoma,North Carolina,60,72,0,117.6,121.8,-4.200000000000003,94.0,93.1,0.9000000000000057,68.6,74.5,-5.900000000000006
2009,Michigan St.,Connecticut,82,73,1,112.0,114.7,-2.700000000000003,89.8,87.1,2.700000000000003,68.1,68.0,0.09999999999999432
2009,Villanova,North Carolina,69,83,0,112.4,121.8,-9.399999999999991,91.0,93.1,-2.0999999999999943,68.2,74.5,-6.299999999999997
2009,Michigan St.,North Carolina,72,89,0,112.0,121.8,-9.799999999999997,89.8,93.1,-3.299999999999997,68.1,74.5,-6.400000000000006
2010,Winthrop,Arkansas Pine Bluff,44,61,0,89.5,91.4,-1.9000000000000057,95.0,98.4,-3.4000000000000057,65.5,67.3,-1.7999999999999972
2010,East Tennessee St.,Kentucky,71,100,0,98.1,114.0,-15.900000000000006,97.0,89.1,7.900000000000006,68.3,69.5,-1.2000000000000028
2010,Washington,Marquette,80,78,1,111.3,113.9,-2.6000000000000085,93.3,94.0,-0.7000000000000028,73.3,64.2,9.099999999999994
2010,Wake Forest,Texas,81,80,1,106.3,113.2,-6.900000000000006,91.2,91.9,-0.7000000000000028,70.4,72.9,-2.5
2010,Montana,New Mexico,57,62,0,103.8,114.4,-10.600000000000009,99.8,96.5,3.299999999999997,63.2,68.7,-5.5
2010,Northern Iowa,Nevada Las Vegas,69,66,1,107.0,109.2,-2.200000000000003,89.5,91.9,-2.4000000000000057,60.3,67.8,-7.5
2010,Ohio,Georgetown,97,83,1,103.7,115.1,-11.399999999999991,98.2,92.9,5.299999999999997,70.1,66.6,3.5
2010,Lehigh,Kansas,74,90,0,103.1,120.0,-16.900000000000006,105.3,88.6,16.700000000000003,70.6,68.4,2.1999999999999886
2010,San Diego St.,Tennessee,59,62,0,109.9,106.7,3.200000000000003,94.6,89.5,5.099999999999994,64.4,69.6,-5.199999999999989
2010,Old Dominion,Notre Dame,51,50,1,106.6,119.6,-13.0,89.5,100.6,-11.099999999999994,63.8,64.9,-1.1000000000000085
2010,Robert Morris,Villanova,70,73,0,98.9,118.0,-19.099999999999994,101.5,95.1,6.400000000000006,67.4,72.7,-5.299999999999997
2010,Sam Houston St.,Baylor,59,68,0,110.2,117.9,-7.700000000000003,102.7,95.2,7.5,70.0,65.7,4.299999999999997
2010,St. Mary's,Richmond,80,71,1,115.2,106.5,8.700000000000003,97.3,91.9,5.3999999999999915,68.2,63.9,4.300000000000004
2010,Florida,Brigham Young,92,99,0,111.7,116.4,-4.700000000000003,96.4,92.5,3.9000000000000057,65.7,72.0,-6.299999999999997
2010,Murray St.,Vanderbilt,66,65,1,106.2,113.3,-7.099999999999994,94.6,95.2,-0.6000000000000085,67.4,69.8,-2.3999999999999915
2010,North Texas,Kansas St.,62,82,0,101.6,115.5,-13.900000000000006,103.1,90.1,13.0,68.7,71.0,-2.299999999999997
2010,Texas El Paso,Butler,59,77,0,107.0,109.2,-2.200000000000003,89.5,90.6,-1.0999999999999943,69.3,65.1,4.200000000000003
2010,Morgan St.,West Virginia,50,77,0,104.1,116.7,-12.600000000000009,103.7,92.4,11.299999999999997,70.0,63.7,6.299999999999997
2010,Cornell,Temple,78,65,1,114.0,106.2,7.799999999999997,100.9,86.7,14.200000000000003,65.9,61.6,4.300000000000004
2010,Missouri,Clemson,86,78,1,110.5,109.5,1.0,90.2,89.4,0.7999999999999972,70.9,69.5,1.4000000000000057
2010,Wofford,Wisconsin,49,53,0,103.7,114.9,-11.200000000000003,94.7,89.1,5.6000000000000085,64.6,60.4,4.199999999999996
2010,Georgia Tech,Oklahoma St.,64,59,1,109.0,112.3,-3.299999999999997,90.6,93.4,-2.8000000000000114,69.8,67.9,1.8999999999999915
2010,New Mexico St.,Michigan St.,67,70,0,109.0,111.6,-2.5999999999999943,105.3,92.1,13.200000000000003,72.0,67.5,4.5
2010,UC Santa Barbara,Ohio St.,51,68,0,99.3,116.2,-16.900000000000006,96.6,91.5,5.099999999999994,67.6,66.1,1.5
2010,Houston,Maryland,77,89,0,111.2,115.8,-4.599999999999994,101.7,94.3,7.400000000000006,72.8,70.4,2.3999999999999915
2010,Siena,Purdue,64,72,0,108.2,109.8,-1.5999999999999943,95.7,87.3,8.400000000000006,70.6,67.5,3.0999999999999943
2010,Utah St.,Texas A&M,53,69,0,115.2,111.1,4.1000000000000085,95.0,91.7,3.299999999999997,61.8,66.1,-4.299999999999997
2010,Arkansas Pine Bluff,Duke,44,73,0,91.4,119.1,-27.69999999999999,98.4,88.0,10.400000000000006,67.3,67.2,0.09999999999999432
2010,Louisville,California,62,77,0,114.5,119.5,-5.0,97.2,96.7,0.5,67.4,68.7,-1.2999999999999972
2010,Minnesota,Xavier,54,65,0,112.8,114.3,-1.5,93.0,94.7,-1.7000000000000028,67.4,70.3,-2.8999999999999915
2010,Oakland,Pittsburgh,66,89,0,106.0,110.0,-4.0,102.9,92.3,10.600000000000009,69.9,62.0,7.900000000000006
2010,Florida St.,Gonzaga,60,67,0,103.8,111.2,-7.400000000000006,85.9,93.9,-8.0,67.3,69.5,-2.200000000000003
2010,Vermont,Syracuse,56,79,0,101.3,116.7,-15.400000000000006,99.3,89.8,9.5,68.2,71.5,-3.299999999999997
2010,Washington,New Mexico,82,64,1,111.3,114.4,-3.1000000000000085,93.3,96.5,-3.200000000000003,73.3,68.7,4.599999999999994
2010,Wake Forest,Kentucky,60,90,0,106.3,114.0,-7.700000000000003,91.2,89.1,2.1000000000000085,70.4,69.5,0.9000000000000057
2010,Ohio,Tennessee,68,83,0,103.7,106.7,-3.0,98.2,89.5,8.700000000000003,70.1,69.6,0.5
2010,Northern Iowa,Kansas,69,67,1,107.0,120.0,-13.0,89.5,88.6,0.9000000000000057,60.3,68.4,-8.100000000000009
2010,St. Mary's,Villanova,75,68,1,115.2,118.0,-2.799999999999997,97.3,95.1,2.200000000000003,68.2,72.7,-4.5
2010,Old Dominion,Baylor,68,76,0,106.6,117.9,-11.300000000000011,89.5,95.2,-5.700000000000003,63.8,65.7,-1.9000000000000057
2010,Murray St.,Butler,52,54,0,106.2,109.2,-3.0,94.6,90.6,4.0,67.4,65.1,2.3000000000000114
2010,Brigham Young,Kansas St.,72,84,0,116.4,115.5,0.9000000000000057,92.5,90.1,2.4000000000000057,72.0,71.0,1.0
2010,Missouri,West Virginia,59,68,0,110.5,116.7,-6.200000000000003,90.2,92.4,-2.200000000000003,70.9,63.7,7.200000000000003
2010,Cornell,Wisconsin,87,69,1,114.0,114.9,-0.9000000000000057,100.9,89.1,11.800000000000011,65.9,60.4,5.500000000000007
2010,Georgia Tech,Ohio St.,66,75,0,109.0,116.2,-7.200000000000003,90.6,91.5,-0.9000000000000057,69.8,66.1,3.700000000000003
2010,Michigan St.,Maryland,85,83,1,111.6,115.8,-4.200000000000003,92.1,94.3,-2.200000000000003,67.5,70.4,-2.9000000000000057
2010,Texas A&M,Purdue,61,63,0,111.1,109.8,1.2999999999999972,91.7,87.3,4.400000000000006,66.1,67.5,-1.4000000000000057
2010,California,Duke,53,68,0,119.5,119.1,0.4000000000000057,96.7,88.0,8.700000000000003,68.7,67.2,1.5
2010,Gonzaga,Syracuse,65,87,0,111.2,116.7,-5.5,93.9,89.8,4.1000000000000085,69.5,71.5,-2.0
2010,Xavier,Pittsburgh,71,68,1,114.3,110.0,4.299999999999997,94.7,92.3,2.4000000000000057,70.3,62.0,8.299999999999997
2010,Washington,West Virginia,56,69,0,111.3,116.7,-5.400000000000006,93.3,92.4,0.8999999999999915,73.3,63.7,9.599999999999994
2010,Cornell,Kentucky,45,62,0,114.0,114.0,0.0,100.9,89.1,11.800000000000011,65.9,69.5,-3.5999999999999943
2010,Butler,Syracuse,63,59,1,109.2,116.7,-7.5,90.6,89.8,0.7999999999999972,65.1,71.5,-6.400000000000006
2010,Xavier,Kansas St.,96,101,0,114.3,115.5,-1.2000000000000028,94.7,90.1,4.6000000000000085,70.3,71.0,-0.7000000000000028
2010,Tennessee,Ohio St.,76,73,1,106.7,116.2,-9.5,89.5,91.5,-2.0,69.6,66.1,3.5
2010,Northern Iowa,Michigan St.,52,59,0,107.0,111.6,-4.599999999999994,89.5,92.1,-2.5999999999999943,60.3,67.5,-7.200000000000003
2010,St. Mary's,Baylor,49,72,0,115.2,117.9,-2.700000000000003,97.3,95.2,2.0999999999999943,68.2,65.7,2.5
2010,Purdue,Duke,57,70,0,109.8,119.1,-9.299999999999997,87.3,88.0,-0.7000000000000028,67.5,67.2,0.29999999999999716
2010,West Virginia,Kentucky,73,66,1,116.7,114.0,2.700000000000003,92.4,89.1,3.3000000000000114,63.7,69.5,-5.799999999999997
2010,Butler,Kansas St.,63,56,1,109.2,115.5,-6.299999999999997,90.6,90.1,0.5,65.1,71.0,-5.900000000000006
2010,Michigan St.,Tennessee,70,69,1,111.6,106.7,4.8999999999999915,92.1,89.5,2.5999999999999943,67.5,69.6,-2.0999999999999943
2010,Duke,Baylor,78,71,1,119.1,117.9,1.1999999999999886,88.0,95.2,-7.200000000000003,67.2,65.7,1.5
2010,Butler,Michigan St.,52,50,1,109.2,111.6,-2.3999999999999915,90.6,92.1,-1.5,65.1,67.5,-2.4000000000000057
2010,West Virginia,Duke,57,78,0,116.7,119.1,-2.3999999999999915,92.4,88.0,4.400000000000006,63.7,67.2,-3.5
2010,Butler,Duke,59,61,0,109.2,119.1,-9.899999999999991,90.6,88.0,2.5999999999999943,65.1,67.2,-2.1000000000000085
2011,UAB,Clemson,52,70,0,107.8,108.2,-0.4000000000000057,95.6,90.9,4.699999999999989,63.0,64.6,-1.5999999999999943
2011,NC Asheville,Arkansas Little Rock,81,77,1,98.4,99.3,-0.8999999999999915,99.0,104.6,-5.599999999999994,69.6,65.4,4.199999999999989
2011,Virginia Commonwealth,Southern California,59,46,1,108.8,107.0,1.7999999999999972,100.6,92.8,7.799999999999997,66.9,63.4,3.500000000000007
2011,Texas San Antonio,Alabama St.,70,61,1,101.1,90.1,11.0,104.8,105.6,-0.7999999999999972,68.1,64.9,3.1999999999999886
2011,Morehead St.,Louisville,62,61,1,103.7,111.4,-7.700000000000003,98.8,89.7,9.099999999999994,64.7,68.0,-3.299999999999997
2011,Richmond,Vanderbilt,69,66,1,110.2,114.4,-4.200000000000003,95.7,96.3,-0.5999999999999943,63.9,68.1,-4.199999999999996
2011,Penn St.,Temple,64,66,0,111.2,107.9,3.299999999999997,96.7,92.2,4.5,60.9,65.8,-4.899999999999999
2011,Northern Colorado,San Diego St.,50,68,0,104.8,112.3,-7.5,101.1,89.9,11.199999999999989,67.7,63.9,3.8000000000000043
2011,Bucknell,Connecticut,52,81,0,103.9,113.8,-9.899999999999991,96.7,93.9,2.799999999999997,66.1,66.2,-0.10000000000000853
2011,Missouri,Cincinnati,63,78,0,112.5,108.8,3.700000000000003,95.8,90.4,5.3999999999999915,72.1,64.5,7.599999999999994
2011,Princeton,Kentucky,57,59,0,105.6,118.4,-12.800000000000011,97.5,92.2,5.299999999999997,64.2,66.9,-2.700000000000003
2011,Old Dominion,Butler,58,60,0,107.7,111.6,-3.8999999999999915,95.0,96.5,-1.5,61.7,64.9,-3.200000000000003
2011,UC Santa Barbara,Florida,51,79,0,102.2,113.3,-11.099999999999994,99.3,94.1,5.200000000000003,65.7,63.9,1.8000000000000043
2011,Wofford,Brigham Young,66,74,0,110.7,116.7,-6.0,102.9,94.2,8.700000000000003,64.7,71.4,-6.700000000000003
2011,Belmont,Wisconsin,58,72,0,110.8,121.6,-10.799999999999997,93.2,95.5,-2.299999999999997,69.4,57.9,11.500000000000007
2011,Michigan St.,UCLA,76,78,0,108.0,106.9,1.0999999999999943,93.4,93.3,0.10000000000000853,66.4,66.5,-0.09999999999999432
2011,Gonzaga,St. John's,86,71,1,109.2,110.1,-0.8999999999999915,92.9,93.0,-0.09999999999999432,68.2,67.0,1.2000000000000028
2011,Utah St.,Kansas St.,68,73,0,109.3,108.9,0.3999999999999915,90.7,90.9,-0.20000000000000284,63.3,68.4,-5.1000000000000085
2011,Clemson,West Virginia,76,84,0,108.2,113.3,-5.099999999999994,90.9,93.3,-2.3999999999999915,64.6,63.5,1.0999999999999943
2011,NC Asheville,Pittsburgh,51,74,0,98.4,119.0,-20.599999999999994,99.0,92.5,6.5,69.6,63.8,5.799999999999997
2011,Akron,Notre Dame,56,69,0,101.4,121.8,-20.39999999999999,98.6,96.2,2.3999999999999915,67.1,64.6,2.5
2011,Florida St.,Texas A&M,57,50,1,101.2,107.9,-6.700000000000003,87.1,94.7,-7.6000000000000085,69.6,62.9,6.699999999999996
2011,Boston University,Kansas,53,72,0,101.7,120.0,-18.299999999999997,103.4,89.4,14.0,63.9,69.7,-5.800000000000004
2011,St. Peter's,Purdue,43,65,0,93.6,113.7,-20.10000000000001,91.5,89.8,1.7000000000000028,65.1,67.1,-2.0
2011,Illinois,Nevada Las Vegas,73,62,1,113.4,109.6,3.8000000000000114,91.5,90.7,0.7999999999999972,66.9,68.1,-1.1999999999999886
2011,Oakland,Texas,81,85,0,115.6,113.7,1.8999999999999915,103.1,87.7,15.399999999999991,72.8,67.0,5.799999999999997
2011,Tennessee,Michigan,45,75,0,109.1,109.9,-0.8000000000000114,93.8,94.2,-0.4000000000000057,67.2,62.8,4.400000000000006
2011,Memphis,Arizona,75,77,0,103.6,115.7,-12.100000000000009,96.3,95.7,0.5999999999999943,69.1,66.5,2.5999999999999943
2011,Hampton,Duke,45,87,0,93.0,118.3,-25.299999999999997,97.2,88.9,8.299999999999997,67.2,70.2,-3.0
2011,Villanova,George Mason,57,61,0,114.2,111.3,2.9000000000000057,95.6,94.9,0.6999999999999886,66.6,66.0,0.5999999999999943
2011,Long Island,North Carolina,87,102,0,106.3,110.2,-3.9000000000000057,102.7,89.1,13.600000000000009,74.6,71.7,2.8999999999999915
2011,Marquette,Xavier,66,55,1,115.3,111.2,4.099999999999994,97.2,96.3,0.9000000000000057,67.9,66.1,1.8000000000000114
2011,Georgia,Washington,65,68,0,108.3,116.9,-8.600000000000009,94.0,94.7,-0.7000000000000028,64.9,72.2,-7.299999999999997
2011,Indiana St.,Syracuse,60,77,0,102.1,113.5,-11.400000000000006,95.6,91.9,3.6999999999999886,66.2,66.5,-0.29999999999999716
2011,Virginia Commonwealth,Georgetown,74,56,1,108.8,113.7,-4.900000000000006,100.6,95.3,5.299999999999997,66.9,65.2,1.7000000000000028
2011,Texas San Antonio,Ohio St.,46,75,0,101.1,123.2,-22.10000000000001,104.8,90.0,14.799999999999997,68.1,65.6,2.5
2011,Morehead St.,Richmond,48,65,0,103.7,110.2,-6.5,98.8,95.7,3.0999999999999943,64.7,63.9,0.8000000000000043
2011,Connecticut,Cincinnati,69,58,1,113.8,108.8,5.0,93.9,90.4,3.5,66.2,64.5,1.7000000000000028
2011,Temple,San Diego St.,64,71,0,107.9,112.3,-4.3999999999999915,92.2,89.9,2.299999999999997,65.8,63.9,1.8999999999999986
2011,West Virginia,Kentucky,63,71,0,113.3,118.4,-5.1000000000000085,93.3,92.2,1.0999999999999943,63.5,66.9,-3.4000000000000057
2011,Butler,Pittsburgh,71,70,1,111.6,119.0,-7.400000000000006,96.5,92.5,4.0,64.9,63.8,1.1000000000000085
2011,Brigham Young,Gonzaga,89,67,1,116.7,109.2,7.5,94.2,92.9,1.2999999999999972,71.4,68.2,3.200000000000003
2011,UCLA,Florida,65,73,0,106.9,113.3,-6.3999999999999915,93.3,94.1,-0.7999999999999972,66.5,63.9,2.6000000000000014
2011,Wisconsin,Kansas St.,70,65,1,121.6,108.9,12.699999999999989,95.5,90.9,4.599999999999994,57.9,68.4,-10.500000000000007
2011,Virginia Commonwealth,Purdue,94,76,1,108.8,113.7,-4.900000000000006,100.6,89.8,10.799999999999997,66.9,67.1,-0.19999999999998863
2011,Illinois,Kansas,59,73,0,113.4,120.0,-6.599999999999994,91.5,89.4,2.0999999999999943,66.9,69.7,-2.799999999999997
2011,Florida St.,Notre Dame,71,57,1,101.2,121.8,-20.599999999999994,87.1,96.2,-9.100000000000009,69.6,64.6,5.0
2011,Arizona,Texas,70,69,1,115.7,113.7,2.0,95.7,87.7,8.0,66.5,67.0,-0.5
2011,Michigan,Duke,71,73,0,109.9,118.3,-8.399999999999991,94.2,88.9,5.299999999999997,62.8,70.2,-7.400000000000006
2011,Marquette,Syracuse,66,62,1,115.3,113.5,1.7999999999999972,97.2,91.9,5.299999999999997,67.9,66.5,1.4000000000000057
2011,George Mason,Ohio St.,66,98,0,111.3,123.2,-11.900000000000006,94.9,90.0,4.900000000000006,66.0,65.6,0.4000000000000057
2011,Washington,North Carolina,83,86,0,116.9,110.2,6.700000000000003,94.7,89.1,5.6000000000000085,72.2,71.7,0.5
2011,Connecticut,San Diego St.,74,67,1,113.8,112.3,1.5,93.9,89.9,4.0,66.2,63.9,2.3000000000000043
2011,Brigham Young,Florida,74,83,0,116.7,113.3,3.4000000000000057,94.2,94.1,0.10000000000000853,71.4,63.9,7.500000000000007
2011,Butler,Wisconsin,61,54,1,111.6,121.6,-10.0,96.5,95.5,1.0,64.9,57.9,7.000000000000007
2011,Arizona,Duke,93,77,1,115.7,118.3,-2.5999999999999943,95.7,88.9,6.799999999999997,66.5,70.2,-3.700000000000003
2011,Virginia Commonwealth,Florida St.,72,71,1,108.8,101.2,7.599999999999994,100.6,87.1,13.5,66.9,69.6,-2.6999999999999886
2011,Richmond,Kansas,57,77,0,110.2,120.0,-9.799999999999997,95.7,89.4,6.299999999999997,63.9,69.7,-5.800000000000004
2011,Marquette,North Carolina,63,81,0,115.3,110.2,5.099999999999994,97.2,89.1,8.100000000000009,67.9,71.7,-3.799999999999997
2011,Kentucky,Ohio St.,62,60,1,118.4,123.2,-4.799999999999997,92.2,90.0,2.200000000000003,66.9,65.6,1.3000000000000114
2011,Florida,Butler,71,74,0,113.3,111.6,1.7000000000000028,94.1,96.5,-2.4000000000000057,63.9,64.9,-1.000000000000007
2011,Arizona,Connecticut,63,65,0,115.7,113.8,1.9000000000000057,95.7,93.9,1.7999999999999972,66.5,66.2,0.29999999999999716
2011,Kentucky,North Carolina,76,69,1,118.4,110.2,8.200000000000003,92.2,89.1,3.1000000000000085,66.9,71.7,-4.799999999999997
2011,Virginia Commonwealth,Kansas,71,61,1,108.8,120.0,-11.200000000000003,100.6,89.4,11.199999999999989,66.9,69.7,-2.799999999999997
2011,Kentucky,Connecticut,55,56,0,118.4,113.8,4.6000000000000085,92.2,93.9,-1.7000000000000028,66.9,66.2,0.7000000000000028
2011,Virginia Commonwealth,Butler,62,70,0,108.8,111.6,-2.799999999999997,100.6,96.5,4.099999999999994,66.9,64.9,2.0
2011,Butler,Connecticut,41,53,0,111.6,113.8,-2.200000000000003,96.5,93.9,2.5999999999999943,64.9,66.2,-1.2999999999999972
2012,Western Kentucky,Mississippi Valley St.,59,58,1,96.5,95.7,0.7999999999999972,99.6,105.0,-5.400000000000006,68.6,69.9,-1.3000000000000114
2012,Iona,Brigham Young,72,78,0,113.6,105.4,8.199999999999989,102.1,92.5,9.599999999999994,70.9,72.7,-1.7999999999999972
2012,Lamar,Vermont,59,71,0,104.2,102.5,1.7000000000000028,99.9,100.0,-0.09999999999999432,67.5,63.5,4.0
2012,South Florida,California,65,54,1,101.4,109.8,-8.399999999999991,90.9,92.0,-1.0999999999999943,59.8,66.8,-7.0
2012,Virginia Commonwealth,Wichita St.,62,59,1,106.1,115.9,-9.800000000000011,93.0,92.6,0.4000000000000057,66.1,66.8,-0.7000000000000028
2012,South Dakota St.,Baylor,60,68,0,111.7,114.4,-2.700000000000003,100.7,93.6,7.1000000000000085,66.3,66.7,-0.4000000000000057
2012,Connecticut,Iowa St.,64,77,0,110.3,111.2,-0.9000000000000057,94.3,95.3,-1.0,64.2,67.2,-3.0
2012,New Mexico St.,Indiana,66,79,0,106.1,119.1,-13.0,97.4,96.5,0.9000000000000057,71.1,67.8,3.299999999999997
2012,Colorado,Nevada Las Vegas,68,64,1,104.2,109.3,-5.099999999999994,94.2,92.3,1.9000000000000057,65.9,69.9,-4.0
2012,Colorado St.,Murray St.,41,58,0,111.8,108.1,3.700000000000003,102.8,94.8,8.0,64.7,66.1,-1.3999999999999915
2012,Davidson,Louisville,62,69,0,110.9,103.7,7.200000000000003,99.0,85.9,13.099999999999994,68.4,67.5,0.9000000000000057
2012,Long Beach St.,New Mexico,68,75,0,108.2,109.1,-0.8999999999999915,95.7,89.9,5.799999999999997,67.2,66.8,0.4000000000000057
2012,Southern Mississippi,Kansas St.,64,70,0,110.2,107.9,2.299999999999997,98.7,91.5,7.200000000000003,64.7,67.5,-2.799999999999997
2012,Montana,Wisconsin,49,73,0,100.8,110.6,-9.799999999999997,94.6,87.4,7.199999999999989,65.7,58.8,6.900000000000006
2012,NC Asheville,Syracuse,65,72,0,107.2,115.4,-8.200000000000003,104.4,90.1,14.300000000000011,69.6,66.2,3.3999999999999915
2012,Harvard,Vanderbilt,70,79,0,106.9,113.9,-7.0,92.6,92.7,-0.10000000000000853,61.2,65.9,-4.700000000000003
2012,West Virginia,Gonzaga,54,77,0,110.9,110.6,0.30000000000001137,95.5,94.3,1.2000000000000028,65.5,66.2,-0.7000000000000028
2012,Loyola MD,Ohio St.,59,78,0,102.3,115.5,-13.200000000000003,99.0,85.5,13.5,64.5,68.1,-3.5999999999999943
2012,Western Kentucky,Kentucky,66,81,0,96.5,119.7,-23.200000000000003,99.6,88.5,11.099999999999994,68.6,66.1,2.5
2012,Brigham Young,Marquette,68,88,0,105.4,110.9,-5.5,92.5,91.9,0.5999999999999943,72.7,71.1,1.6000000000000085
2012,Lehigh,Duke,75,70,1,106.7,117.1,-10.399999999999991,98.8,95.3,3.5,68.7,68.3,0.4000000000000057
2012,Alabama,Creighton,57,58,0,105.0,118.4,-13.400000000000006,88.1,101.8,-13.700000000000003,63.1,67.4,-4.300000000000004
2012,Xavier,Notre Dame,67,63,1,106.3,108.0,-1.7000000000000028,94.7,96.3,-1.5999999999999943,67.9,62.2,5.700000000000003
2012,Virginia,Florida,45,71,0,104.3,120.5,-16.200000000000003,87.6,98.1,-10.5,60.4,65.6,-5.199999999999996
2012,Norfolk St.,Missouri,86,84,1,97.8,124.0,-26.200000000000003,99.9,96.6,3.3000000000000114,68.0,66.7,1.2999999999999972
2012,St. Mary's,Purdue,69,72,0,112.0,115.0,-3.0,97.7,98.0,-0.29999999999999716,64.5,65.5,-1.0
2012,Detroit,Kansas,50,65,0,106.4,114.7,-8.299999999999997,102.6,88.1,14.5,67.9,67.9,0.0
2012,St. Louis,Memphis,61,54,1,111.0,112.6,-1.5999999999999943,89.6,92.1,-2.5,62.4,68.4,-6.000000000000007
2012,Long Island,Michigan St.,67,89,0,107.0,112.7,-5.700000000000003,105.8,86.7,19.099999999999994,74.3,66.1,8.200000000000003
2012,North Carolina St.,San Diego St.,79,65,1,111.4,104.9,6.5,96.9,94.2,2.700000000000003,68.1,66.6,1.5
2012,Belmont,Georgetown,59,74,0,115.2,110.3,4.900000000000006,98.6,89.5,9.099999999999994,68.1,63.4,4.699999999999996
2012,Texas,Cincinnati,59,65,0,110.9,108.7,2.200000000000003,96.2,92.2,4.0,65.7,64.2,1.5
2012,St. Bonaventure,Florida St.,63,66,0,108.8,106.5,2.299999999999997,96.1,88.1,8.0,64.5,67.7,-3.200000000000003
2012,Ohio,Michigan,65,60,1,104.2,113.4,-9.200000000000003,93.4,95.0,-1.5999999999999943,67.3,61.8,5.5
2012,Vermont,North Carolina,58,77,0,102.5,115.8,-13.299999999999997,100.0,89.6,10.400000000000006,63.5,72.7,-9.200000000000003
2012,South Florida,Temple,58,44,1,101.4,113.0,-11.599999999999994,90.9,96.2,-5.299999999999997,59.8,67.3,-7.5
2012,Colorado,Baylor,63,80,0,104.2,114.4,-10.200000000000003,94.2,93.6,0.6000000000000085,65.9,66.7,-0.7999999999999972
2012,Virginia Commonwealth,Indiana,61,63,0,106.1,119.1,-13.0,93.0,96.5,-3.5,66.1,67.8,-1.7000000000000028
2012,Iowa St.,Kentucky,71,87,0,111.2,119.7,-8.5,95.3,88.5,6.799999999999997,67.2,66.1,1.1000000000000085
2012,New Mexico,Louisville,56,59,0,109.1,103.7,5.3999999999999915,89.9,85.9,4.0,66.8,67.5,-0.7000000000000028
2012,Murray St.,Marquette,53,62,0,108.1,110.9,-2.8000000000000114,94.8,91.9,2.8999999999999915,66.1,71.1,-5.0
2012,Gonzaga,Ohio St.,66,73,0,110.6,115.5,-4.900000000000006,94.3,85.5,8.799999999999997,66.2,68.1,-1.8999999999999915
2012,Kansas St.,Syracuse,59,75,0,107.9,115.4,-7.5,91.5,90.1,1.4000000000000057,67.5,66.2,1.2999999999999972
2012,Vanderbilt,Wisconsin,57,60,0,113.9,110.6,3.3000000000000114,92.7,87.4,5.299999999999997,65.9,58.8,7.1000000000000085
2012,Lehigh,Xavier,58,70,0,106.7,106.3,0.4000000000000057,98.8,94.7,4.099999999999994,68.7,67.9,0.7999999999999972
2012,St. Louis,Michigan St.,61,65,0,111.0,112.7,-1.7000000000000028,89.6,86.7,2.8999999999999915,62.4,66.1,-3.6999999999999957
2012,Norfolk St.,Florida,50,84,0,97.8,120.5,-22.700000000000003,99.9,98.1,1.8000000000000114,68.0,65.6,2.4000000000000057
2012,Cincinnati,Florida St.,62,56,1,108.7,106.5,2.200000000000003,92.2,88.1,4.1000000000000085,64.2,67.7,-3.5
2012,North Carolina St.,Georgetown,66,63,1,111.4,110.3,1.1000000000000085,96.9,89.5,7.400000000000006,68.1,63.4,4.699999999999996
2012,Creighton,North Carolina,73,87,0,118.4,115.8,2.6000000000000085,101.8,89.6,12.200000000000003,67.4,72.7,-5.299999999999997
2012,Ohio,South Florida,62,56,1,104.2,101.4,2.799999999999997,93.4,90.9,2.5,67.3,59.8,7.5
2012,Purdue,Kansas,60,63,0,115.0,114.7,0.29999999999999716,98.0,88.1,9.900000000000006,65.5,67.9,-2.4000000000000057
2012,Wisconsin,Syracuse,63,64,0,110.6,115.4,-4.800000000000011,87.4,90.1,-2.6999999999999886,58.8,66.2,-7.400000000000006
2012,Florida,Marquette,68,58,1,120.5,110.9,9.599999999999994,98.1,91.9,6.199999999999989,65.6,71.1,-5.5
2012,Louisville,Michigan St.,57,44,1,103.7,112.7,-9.0,85.9,86.7,-0.7999999999999972,67.5,66.1,1.4000000000000057
2012,Cincinnati,Ohio St.,66,81,0,108.7,115.5,-6.799999999999997,92.2,85.5,6.700000000000003,64.2,68.1,-3.8999999999999915
2012,Indiana,Kentucky,90,102,0,119.1,119.7,-0.6000000000000085,96.5,88.5,8.0,67.8,66.1,1.7000000000000028
2012,Xavier,Baylor,70,75,0,106.3,114.4,-8.100000000000009,94.7,93.6,1.1000000000000085,67.9,66.7,1.2000000000000028
2012,North Carolina St.,Kansas,57,60,0,111.4,114.7,-3.299999999999997,96.9,88.1,8.800000000000011,68.1,67.9,0.19999999999998863
2012,Ohio,North Carolina,65,73,0,104.2,115.8,-11.599999999999994,93.4,89.6,3.8000000000000114,67.3,72.7,-5.400000000000006
2012,Ohio St.,Syracuse,77,70,1,115.5,115.4,0.09999999999999432,85.5,90.1,-4.599999999999994,68.1,66.2,1.8999999999999915
2012,Louisville,Florida,72,68,1,103.7,120.5,-16.799999999999997,85.9,98.1,-12.199999999999989,67.5,65.6,1.9000000000000057
2012,Kansas,North Carolina,80,67,1,114.7,115.8,-1.0999999999999943,88.1,89.6,-1.5,67.9,72.7,-4.799999999999997
2012,Baylor,Kentucky,70,82,0,114.4,119.7,-5.299999999999997,93.6,88.5,5.099999999999994,66.7,66.1,0.6000000000000085
2012,Ohio St.,Kansas,62,64,0,115.5,114.7,0.7999999999999972,85.5,88.1,-2.5999999999999943,68.1,67.9,0.19999999999998863
2012,Louisville,Kentucky,61,69,0,103.7,119.7,-16.0,85.9,88.5,-2.5999999999999943,67.5,66.1,1.4000000000000057
2012,Kansas,Kentucky,59,67,0,114.7,119.7,-5.0,88.1,88.5,-0.4000000000000057,67.9,66.1,1.8000000000000114
2013,North Carolina A&T,Liberty,73,72,1,91.0,98.3,-7.299999999999997,96.0,108.3,-12.299999999999997,66.9,65.8,1.1000000000000085
2013,St. Mary's,Middle Tennessee,67,54,1,115.0,105.2,9.799999999999997,96.6,90.4,6.199999999999989,65.2,65.0,0.20000000000000284
2013,Long Island,James Madison,55,68,0,108.5,98.1,10.400000000000006,111.6,99.8,11.799999999999997,69.5,64.5,5.0
2013,Boise St.,La Salle,71,80,0,111.4,109.8,1.6000000000000085,97.1,95.5,1.5999999999999943,66.4,66.6,-0.19999999999998863
2013,Akron,Virginia Commonwealth,42,88,0,105.4,113.4,-8.0,93.8,92.0,1.7999999999999972,66.6,68.3,-1.7000000000000028
2013,South Dakota St.,Michigan,56,71,0,110.0,120.4,-10.400000000000006,104.2,95.0,9.200000000000003,64.1,64.8,-0.7000000000000028
2013,Wichita St.,Pittsburgh,73,55,1,107.8,114.1,-6.299999999999997,91.6,91.3,0.29999999999999716,64.8,60.0,4.799999999999997
2013,Belmont,Arizona,64,81,0,108.9,113.0,-4.099999999999994,94.9,92.4,2.5,67.4,67.0,0.4000000000000057
2013,Southern,Gonzaga,58,64,0,96.1,119.4,-23.30000000000001,97.5,90.3,7.200000000000003,65.1,65.2,-0.10000000000000853
2013,Harvard,New Mexico,68,62,1,106.0,106.4,-0.4000000000000057,100.1,90.6,9.5,64.9,65.5,-0.5999999999999943
2013,Bucknell,Butler,56,68,0,105.6,109.4,-3.8000000000000114,93.2,93.7,-0.5,63.3,64.4,-1.1000000000000085
2013,Davidson,Marquette,58,59,0,110.8,113.3,-2.5,99.5,94.1,5.400000000000006,65.4,64.9,0.5
2013,Montana,Syracuse,34,81,0,103.2,113.4,-10.200000000000003,101.9,89.9,12.0,63.8,65.7,-1.9000000000000057
2013,California,Nevada Las Vegas,64,61,1,105.6,105.6,0.0,93.7,89.0,4.700000000000003,66.4,69.3,-2.8999999999999915
2013,Valparaiso,Michigan St.,54,65,0,107.8,110.4,-2.6000000000000085,97.7,89.1,8.600000000000009,65.8,64.6,1.2000000000000028
2013,Missouri,Colorado St.,72,84,0,112.9,115.5,-2.5999999999999943,95.2,97.4,-2.200000000000003,67.6,64.8,2.799999999999997
2013,Oregon,Oklahoma St.,68,55,1,103.8,107.9,-4.1000000000000085,89.2,88.4,0.7999999999999972,69.2,67.3,1.9000000000000057
2013,New Mexico St.,St. Louis,44,64,0,103.3,107.9,-4.6000000000000085,95.4,88.6,6.800000000000011,65.2,64.7,0.5
2013,St. Mary's,Memphis,52,54,0,115.0,107.3,7.700000000000003,96.6,90.8,5.799999999999997,65.2,69.5,-4.299999999999997
2013,North Carolina A&T,Louisville,48,79,0,91.0,112.6,-21.599999999999994,96.0,83.5,12.5,66.9,67.5,-0.5999999999999943
2013,Albany,Duke,61,73,0,101.1,118.0,-16.900000000000006,99.6,91.3,8.299999999999997,63.3,68.1,-4.799999999999997
2013,Oklahoma,San Diego St.,55,70,0,109.5,105.5,4.0,95.1,88.7,6.3999999999999915,66.9,67.0,-0.09999999999999432
2013,Florida Gulf Coast,Georgetown,78,68,1,101.9,106.8,-4.8999999999999915,97.4,84.6,12.800000000000011,68.9,62.1,6.800000000000004
2013,Villanova,North Carolina,71,78,0,105.0,110.7,-5.700000000000003,91.2,93.5,-2.299999999999997,67.8,71.4,-3.6000000000000085
2013,Minnesota,UCLA,83,63,1,112.7,110.9,1.7999999999999972,92.0,95.0,-3.0,64.0,69.5,-5.5
2013,Northwestern St.,Florida,47,79,0,105.0,117.6,-12.599999999999994,102.0,85.6,16.400000000000006,73.2,62.7,10.5
2013,Western Kentucky,Kansas,57,64,0,99.5,112.3,-12.799999999999997,100.6,86.0,14.599999999999994,66.0,67.7,-1.7000000000000028
2013,Iona,Ohio St.,70,95,0,113.8,113.4,0.3999999999999915,105.0,89.3,15.700000000000003,71.0,65.0,6.0
2013,Iowa St.,Notre Dame,76,58,1,115.5,114.5,1.0,98.5,96.3,2.200000000000003,69.6,61.6,7.999999999999993
2013,Mississippi,Wisconsin,57,46,1,109.7,108.4,1.2999999999999972,95.9,85.7,10.200000000000003,71.1,62.1,8.999999999999993
2013,Temple,North Carolina St.,76,72,1,110.0,115.6,-5.599999999999994,97.5,98.1,-0.5999999999999943,67.1,68.2,-1.1000000000000085
2013,Colorado,Illinois,49,57,0,105.8,110.1,-4.299999999999997,91.0,94.0,-3.0,65.6,66.4,-0.8000000000000114
2013,Pacific,Miami FL,49,78,0,105.7,110.9,-5.200000000000003,101.0,90.0,11.0,63.3,63.2,0.09999999999999432
2013,Cincinnati,Creighton,63,67,0,105.1,118.0,-12.900000000000006,88.1,95.5,-7.400000000000006,65.5,65.3,0.20000000000000284
2013,La Salle,Kansas St.,63,61,1,109.8,112.1,-2.299999999999997,95.5,93.7,1.7999999999999972,66.6,63.2,3.3999999999999915
2013,James Madison,Indiana,62,83,0,98.1,122.5,-24.400000000000006,99.8,89.9,9.899999999999991,64.5,68.1,-3.5999999999999943
2013,Oregon,St. Louis,74,57,1,103.8,107.9,-4.1000000000000085,89.2,88.6,0.6000000000000085,69.2,64.7,4.5
2013,California,Syracuse,60,66,0,105.6,113.4,-7.800000000000011,93.7,89.9,3.799999999999997,66.4,65.7,0.7000000000000028
2013,Harvard,Arizona,51,74,0,106.0,113.0,-7.0,100.1,92.4,7.699999999999989,64.9,67.0,-2.0999999999999943
2013,Wichita St.,Gonzaga,76,70,1,107.8,119.4,-11.600000000000009,91.6,90.3,1.2999999999999972,64.8,65.2,-0.4000000000000057
2013,Virginia Commonwealth,Michigan,53,78,0,113.4,120.4,-7.0,92.0,95.0,-3.0,68.3,64.8,3.5
2013,Butler,Marquette,72,74,0,109.4,113.3,-3.8999999999999915,93.7,94.1,-0.3999999999999915,64.4,64.9,-0.5
2013,Colorado St.,Louisville,56,82,0,115.5,112.6,2.9000000000000057,97.4,83.5,13.900000000000006,64.8,67.5,-2.700000000000003
2013,Memphis,Michigan St.,48,70,0,107.3,110.4,-3.1000000000000085,90.8,89.1,1.7000000000000028,69.5,64.6,4.900000000000006
2013,La Salle,Mississippi,76,74,1,109.8,109.7,0.09999999999999432,95.5,95.9,-0.4000000000000057,66.6,71.1,-4.5
2013,North Carolina,Kansas,58,70,0,110.7,112.3,-1.5999999999999943,93.5,86.0,7.5,71.4,67.7,3.700000000000003
2013,Creighton,Duke,50,66,0,118.0,118.0,0.0,95.5,91.3,4.200000000000003,65.3,68.1,-2.799999999999997
2013,Florida Gulf Coast,San Diego St.,81,71,1,101.9,105.5,-3.5999999999999943,97.4,88.7,8.700000000000003,68.9,67.0,1.9000000000000057
2013,Iowa St.,Ohio St.,75,78,0,115.5,113.4,2.0999999999999943,98.5,89.3,9.200000000000003,69.6,65.0,4.599999999999994
2013,Minnesota,Florida,64,78,0,112.7,117.6,-4.8999999999999915,92.0,85.6,6.400000000000006,64.0,62.7,1.2999999999999972
2013,Temple,Indiana,52,58,0,110.0,122.5,-12.5,97.5,89.9,7.599999999999994,67.1,68.1,-1.0
2013,Illinois,Miami FL,59,63,0,110.1,110.9,-0.8000000000000114,94.0,90.0,4.0,66.4,63.2,3.200000000000003
2013,La Salle,Wichita St.,58,72,0,109.8,107.8,2.0,95.5,91.6,3.9000000000000057,66.6,64.8,1.7999999999999972
2013,Arizona,Ohio St.,70,73,0,113.0,113.4,-0.4000000000000057,92.4,89.3,3.1000000000000085,67.0,65.0,2.0
2013,Syracuse,Indiana,61,50,1,113.4,122.5,-9.099999999999994,89.9,89.9,0.0,65.7,68.1,-2.3999999999999915
2013,Marquette,Miami FL,71,61,1,113.3,110.9,2.3999999999999915,94.1,90.0,4.099999999999994,64.9,63.2,1.7000000000000028
2013,Oregon,Louisville,69,77,0,103.8,112.6,-8.799999999999997,89.2,83.5,5.700000000000003,69.2,67.5,1.7000000000000028
2013,Michigan St.,Duke,61,71,0,110.4,118.0,-7.599999999999994,89.1,91.3,-2.200000000000003,64.6,68.1,-3.5
2013,Michigan,Kansas,87,85,1,120.4,112.3,8.100000000000009,95.0,86.0,9.0,64.8,67.7,-2.9000000000000057
2013,Florida Gulf Coast,Florida,50,62,0,101.9,117.6,-15.699999999999989,97.4,85.6,11.800000000000011,68.9,62.7,6.200000000000003
2013,Syracuse,Marquette,55,39,1,113.4,113.3,0.10000000000000853,89.9,94.1,-4.199999999999989,65.7,64.9,0.7999999999999972
2013,Ohio St.,Wichita St.,66,70,0,113.4,107.8,5.6000000000000085,89.3,91.6,-2.299999999999997,65.0,64.8,0.20000000000000284
2013,Michigan,Florida,79,59,1,120.4,117.6,2.8000000000000114,95.0,85.6,9.400000000000006,64.8,62.7,2.0999999999999943
2013,Duke,Louisville,63,85,0,118.0,112.6,5.400000000000006,91.3,83.5,7.799999999999997,68.1,67.5,0.5999999999999943
2013,Syracuse,Michigan,56,61,0,113.4,120.4,-7.0,89.9,95.0,-5.099999999999994,65.7,64.8,0.9000000000000057
2013,Wichita St.,Louisville,68,72,0,107.8,112.6,-4.799999999999997,91.6,83.5,8.099999999999994,64.8,67.5,-2.700000000000003
2013,Michigan,Louisville,76,82,0,120.4,112.6,7.800000000000011,95.0,83.5,11.5,64.8,67.5,-2.700000000000003
2014,Albany,Mount St. Mary's,71,64,1,102.2,107.5,-5.299999999999997,104.1,111.7,-7.6000000000000085,63.2,70.0,-6.799999999999997
2014,North Carolina St.,Xavier,74,59,1,113.2,112.6,0.6000000000000085,101.6,99.1,2.5,66.5,66.0,0.5
2014,Cal Poly,Texas Southern,81,69,1,103.0,106.6,-3.5999999999999943,104.1,112.8,-8.700000000000003,60.3,67.6,-7.299999999999997
2014,Iowa,Tennessee,65,78,0,120.8,116.2,4.599999999999994,97.9,93.6,4.300000000000011,71.2,63.4,7.800000000000004
2014,Pittsburgh,Colorado,77,48,1,117.1,108.0,9.099999999999994,94.4,95.7,-1.2999999999999972,64.1,67.0,-2.9000000000000057
2014,Manhattan,Louisville,64,71,0,106.4,119.2,-12.799999999999997,97.4,88.2,9.200000000000003,69.7,69.0,0.7000000000000028
2014,Dayton,Ohio St.,60,59,1,113.2,109.3,3.9000000000000057,100.6,88.4,12.199999999999989,65.4,65.3,0.10000000000000853
2014,Western Michigan,Syracuse,53,77,0,105.0,115.3,-10.299999999999997,102.1,93.5,8.599999999999994,67.0,61.5,5.5
2014,Harvard,Cincinnati,61,57,1,111.4,108.6,2.8000000000000114,95.1,91.1,4.0,65.5,63.5,2.0
2014,Delaware,Michigan St.,78,93,0,110.9,118.4,-7.5,105.9,94.8,11.100000000000009,72.4,66.3,6.1000000000000085
2014,Saint Joseph's,Connecticut,81,89,0,112.9,111.6,1.3000000000000114,97.8,92.8,5.0,65.9,65.1,0.8000000000000114
2014,Milwaukee,Villanova,53,73,0,104.5,116.1,-11.599999999999994,104.5,92.8,11.700000000000003,67.8,67.4,0.3999999999999915
2014,North Dakota St.,Oklahoma,80,75,1,114.8,118.4,-3.6000000000000085,104.9,99.8,5.1000000000000085,64.5,71.8,-7.299999999999997
2014,New Mexico St.,San Diego St.,69,73,0,112.1,108.4,3.6999999999999886,102.1,90.6,11.5,67.1,64.4,2.6999999999999886
2014,BYU,Oregon,68,87,0,114.2,117.3,-3.0999999999999943,100.4,100.6,-0.19999999999998863,73.1,69.4,3.6999999999999886
2014,American,Wisconsin,35,75,0,103.5,121.9,-18.400000000000006,98.5,96.6,1.9000000000000057,61.4,64.3,-2.8999999999999986
2014,Arizona St.,Texas,85,87,0,109.9,110.8,-0.8999999999999915,95.5,95.1,0.4000000000000057,69.3,68.9,0.3999999999999915
2014,Wofford,Michigan,40,57,0,100.1,123.0,-22.900000000000006,103.2,99.7,3.5,62.2,63.0,-0.7999999999999972
2014,Albany,Florida,55,67,0,102.2,115.9,-13.700000000000003,104.1,88.8,15.299999999999997,63.2,63.4,-0.19999999999999574
2014,North Carolina St.,Saint Louis,80,83,0,113.2,105.4,7.799999999999997,101.6,90.0,11.599999999999994,66.5,67.4,-0.9000000000000057
2014,Stephen F. Austin,VCU,77,75,1,110.8,107.8,3.0,100.6,89.8,10.799999999999997,63.8,71.0,-7.200000000000003
2014,Tulsa,UCLA,59,76,0,106.1,118.5,-12.400000000000006,97.3,96.9,0.3999999999999915,68.5,70.4,-1.9000000000000057
2014,Stanford,New Mexico,58,53,1,112.5,113.8,-1.2999999999999972,97.8,97.1,0.7000000000000028,67.3,66.3,1.0
2014,Eastern Kentucky,Kansas,69,80,0,111.0,120.2,-9.200000000000003,107.7,95.5,12.200000000000003,66.1,68.3,-2.200000000000003
2014,Coastal Carolina,Virginia,59,70,0,97.3,113.2,-15.900000000000006,102.5,88.4,14.099999999999994,67.6,61.3,6.299999999999997
2014,George Washington,Memphis,66,71,0,110.1,112.4,-2.3000000000000114,96.2,96.3,-0.09999999999999432,67.4,69.7,-2.299999999999997
2014,Providence,North Carolina,77,79,0,113.2,111.7,1.5,99.5,93.9,5.599999999999994,65.0,70.9,-5.900000000000006
2014,North Carolina Central,Iowa St.,75,93,0,106.2,116.6,-10.399999999999991,99.3,96.8,2.5,64.3,71.9,-7.6000000000000085
2014,Weber St.,Arizona,59,68,0,105.2,115.0,-9.799999999999997,106.6,86.7,19.89999999999999,64.4,64.6,-0.19999999999998863
2014,Oklahoma St.,Gonzaga,77,85,0,116.4,114.6,1.8000000000000114,94.5,93.9,0.5999999999999943,69.0,66.1,2.9000000000000057
2014,Nebraska,Baylor,60,74,0,108.6,118.1,-9.5,96.0,101.1,-5.099999999999994,66.3,62.8,3.5
2014,Louisiana Lafayette,Creighton,66,76,0,108.9,126.5,-17.599999999999994,115.9,100.4,15.5,66.3,65.6,0.7000000000000028
2014,Kansas St.,Kentucky,49,56,0,108.1,115.9,-7.800000000000011,93.0,95.7,-2.700000000000003,64.9,66.5,-1.5999999999999943
2014,Mercer,Duke,78,71,1,108.4,126.1,-17.69999999999999,101.0,97.8,3.200000000000003,65.4,66.8,-1.3999999999999915
2014,Cal Poly,Wichita St.,37,64,0,103.0,115.5,-12.5,104.1,93.5,10.599999999999994,60.3,65.2,-4.900000000000006
2014,Tennessee,Massachusetts,86,67,1,116.2,109.7,6.5,93.6,96.1,-2.5,63.4,71.7,-8.300000000000004
2014,Dayton,Syracuse,55,53,1,113.2,115.3,-2.0999999999999943,100.6,93.5,7.099999999999994,65.4,61.5,3.9000000000000057
2014,Oregon,Wisconsin,77,85,0,117.3,121.9,-4.6000000000000085,100.6,96.6,4.0,69.4,64.3,5.1000000000000085
2014,Pittsburgh,Florida,45,61,0,117.1,115.9,1.1999999999999886,94.4,88.8,5.6000000000000085,64.1,63.4,0.6999999999999957
2014,Harvard,Michigan St.,73,80,0,111.4,118.4,-7.0,95.1,94.8,0.29999999999999716,65.5,66.3,-0.7999999999999972
2014,Connecticut,Villanova,77,65,1,111.6,116.1,-4.5,92.8,92.8,0.0,65.1,67.4,-2.3000000000000114
2014,Texas,Michigan,65,79,0,110.8,123.0,-12.200000000000003,95.1,99.7,-4.6000000000000085,68.9,63.0,5.900000000000006
2014,Saint Louis,Louisville,51,66,0,105.4,119.2,-13.799999999999997,90.0,88.2,1.7999999999999972,67.4,69.0,-1.5999999999999943
2014,North Dakota St.,San Diego St.,44,63,0,114.8,108.4,6.3999999999999915,104.9,90.6,14.300000000000011,64.5,64.4,0.09999999999999432
2014,Baylor,Creighton,85,55,1,118.1,126.5,-8.400000000000006,101.1,100.4,0.6999999999999886,62.8,65.6,-2.799999999999997
2014,Mercer,Tennessee,63,83,0,108.4,116.2,-7.799999999999997,101.0,93.6,7.400000000000006,65.4,63.4,2.000000000000007
2014,Stanford,Kansas,60,57,1,112.5,120.2,-7.700000000000003,97.8,95.5,2.299999999999997,67.3,68.3,-1.0
2014,Gonzaga,Arizona,61,84,0,114.6,115.0,-0.4000000000000057,93.9,86.7,7.200000000000003,66.1,64.6,1.5
2014,Memphis,Virginia,60,78,0,112.4,113.2,-0.7999999999999972,96.3,88.4,7.8999999999999915,69.7,61.3,8.400000000000006
2014,Kentucky,Wichita St.,78,76,1,115.9,115.5,0.4000000000000057,95.7,93.5,2.200000000000003,66.5,65.2,1.2999999999999972
2014,North Carolina,Iowa St.,83,85,0,111.7,116.6,-4.8999999999999915,93.9,96.8,-2.8999999999999915,70.9,71.9,-1.0
2014,Stephen F. Austin,UCLA,60,77,0,110.8,118.5,-7.700000000000003,100.6,96.9,3.6999999999999886,63.8,70.4,-6.6000000000000085
2014,Dayton,Stanford,82,72,1,113.2,112.5,0.7000000000000028,100.6,97.8,2.799999999999997,65.4,67.3,-1.8999999999999915
2014,UCLA,Florida,68,79,0,118.5,115.9,2.5999999999999943,96.9,88.8,8.100000000000009,70.4,63.4,7.000000000000007
2014,Baylor,Wisconsin,52,69,0,118.1,121.9,-3.8000000000000114,101.1,96.6,4.5,62.8,64.3,-1.5
2014,San Diego St.,Arizona,64,70,0,108.4,115.0,-6.599999999999994,90.6,86.7,3.8999999999999915,64.4,64.6,-0.19999999999998863
2014,Kentucky,Louisville,74,69,1,115.9,119.2,-3.299999999999997,95.7,88.2,7.5,66.5,69.0,-2.5
2014,Connecticut,Iowa St.,81,76,1,111.6,116.6,-5.0,92.8,96.8,-4.0,65.1,71.9,-6.800000000000011
2014,Tennessee,Michigan,71,73,0,116.2,123.0,-6.799999999999997,93.6,99.7,-6.1000000000000085,63.4,63.0,0.3999999999999986
2014,Michigan St.,Virginia,61,59,1,118.4,113.2,5.200000000000003,94.8,88.4,6.3999999999999915,66.3,61.3,5.0
2014,Dayton,Florida,52,62,0,113.2,115.9,-2.700000000000003,100.6,88.8,11.799999999999997,65.4,63.4,2.000000000000007
2014,Wisconsin,Arizona,64,63,1,121.9,115.0,6.900000000000006,96.6,86.7,9.899999999999991,64.3,64.6,-0.29999999999999716
2014,Connecticut,Michigan St.,60,54,1,111.6,118.4,-6.800000000000011,92.8,94.8,-2.0,65.1,66.3,-1.2000000000000028
2014,Kentucky,Michigan,75,72,1,115.9,123.0,-7.099999999999994,95.7,99.7,-4.0,66.5,63.0,3.5
2014,Connecticut,Florida,63,53,1,111.6,115.9,-4.300000000000011,92.8,88.8,4.0,65.1,63.4,1.6999999999999957
2014,Kentucky,Wisconsin,74,73,1,115.9,121.9,-6.0,95.7,96.6,-0.8999999999999915,66.5,64.3,2.200000000000003
2014,Kentucky,Connecticut,54,60,0,115.9,111.6,4.300000000000011,95.7,92.8,2.9000000000000057,66.5,65.1,1.4000000000000057
2015,Manhattan,Hampton,64,74,0,100.5,94.1,6.400000000000006,99.6,102.9,-3.3000000000000114,67.9,69.3,-1.3999999999999915
2015,Mississippi,BYU,94,90,1,112.7,118.1,-5.3999999999999915,99.0,100.7,-1.7000000000000028,66.4,70.6,-4.199999999999989
2015,Boise St.,Dayton,55,56,0,109.5,106.5,3.0,97.1,94.8,2.299999999999997,63.7,64.0,-0.29999999999999716
2015,Robert Morris,North Florida,81,77,1,99.9,105.1,-5.199999999999989,102.7,104.7,-2.0,66.1,67.4,-1.3000000000000114
2015,Eastern Washington,Georgetown,74,84,0,110.8,111.5,-0.7000000000000028,107.5,93.2,14.299999999999997,68.6,64.7,3.8999999999999915
2015,Georgia St.,Baylor,57,56,1,109.1,115.8,-6.700000000000003,98.5,92.8,5.700000000000003,63.5,62.2,1.2999999999999972
2015,Harvard,North Carolina,65,67,0,100.9,118.4,-17.5,93.9,91.7,2.200000000000003,61.8,70.2,-8.400000000000006
2015,Lafayette,Villanova,52,93,0,110.6,120.7,-10.100000000000009,113.7,91.4,22.299999999999997,65.2,64.8,0.4000000000000057
2015,LSU,North Carolina St.,65,66,0,107.1,113.3,-6.200000000000003,93.7,97.3,-3.5999999999999943,70.3,64.9,5.3999999999999915
2015,Northeastern,Notre Dame,65,69,0,106.6,124.4,-17.80000000000001,100.9,99.8,1.1000000000000085,63.7,64.1,-0.3999999999999915
2015,Ohio St.,VCU,75,72,1,114.2,109.0,5.200000000000003,92.8,93.9,-1.1000000000000085,66.6,67.4,-0.8000000000000114
2015,Purdue,Cincinnati,65,66,0,110.1,106.4,3.6999999999999886,94.5,92.5,2.0,65.0,60.2,4.799999999999997
2015,Stephen F. Austin,Utah,50,57,0,111.6,115.1,-3.5,98.9,88.9,10.0,66.5,61.5,5.0
2015,Texas,Butler,48,56,0,110.6,108.5,2.0999999999999943,91.4,89.7,1.7000000000000028,62.9,64.1,-1.1999999999999957
2015,Texas Southern,Arizona,72,93,0,101.2,115.5,-14.299999999999997,106.4,86.5,19.900000000000006,63.7,66.9,-3.200000000000003
2015,UAB,Iowa St.,60,59,1,101.8,118.1,-16.299999999999997,100.4,96.7,3.700000000000003,65.4,69.9,-4.5
2015,UCLA,SMU,60,59,1,110.1,111.2,-1.1000000000000085,96.9,94.5,2.4000000000000057,66.9,63.7,3.200000000000003
2015,Wofford,Arkansas,53,56,0,102.5,113.3,-10.799999999999997,97.2,97.0,0.20000000000000284,61.5,70.1,-8.599999999999994
2015,Hampton,Kentucky,56,79,0,94.1,119.0,-24.900000000000006,102.9,83.5,19.400000000000006,69.3,63.5,5.799999999999997
2015,Mississippi,Xavier,57,76,0,112.7,115.0,-2.299999999999997,99.0,96.2,2.799999999999997,66.4,66.0,0.4000000000000057
2015,Albany,Oklahoma,60,69,0,104.7,110.0,-5.299999999999997,102.1,87.3,14.799999999999997,61.5,68.1,-6.599999999999994
2015,Belmont,Virginia,67,79,0,107.3,113.2,-5.900000000000006,106.5,83.3,23.200000000000003,67.5,58.3,9.200000000000003
2015,Buffalo,West Virginia,62,68,0,108.8,110.5,-1.7000000000000028,97.6,92.9,4.699999999999989,69.2,69.1,0.10000000000000853
2015,Coastal Carolina,Wisconsin,72,86,0,104.2,126.4,-22.200000000000003,102.8,92.1,10.700000000000003,63.9,59.3,4.600000000000001
2015,Davidson,Iowa,52,83,0,119.3,113.1,6.200000000000003,102.4,92.6,9.800000000000011,67.3,64.6,2.700000000000003
2015,Georgia,Michigan St.,63,70,0,107.8,114.8,-7.0,93.2,92.6,0.6000000000000085,64.7,64.1,0.6000000000000085
2015,Indiana,Wichita St.,76,81,0,118.9,114.1,4.800000000000011,103.4,91.7,11.700000000000003,67.1,62.2,4.8999999999999915
2015,New Mexico St.,Kansas,56,75,0,104.4,113.3,-8.899999999999991,98.1,91.0,7.099999999999994,64.2,67.3,-3.0999999999999943
2015,North Dakota St.,Gonzaga,76,86,0,100.5,120.4,-19.900000000000006,100.9,92.9,8.0,61.2,65.1,-3.8999999999999915
2015,Oklahoma St.,Oregon,73,79,0,109.7,112.6,-2.8999999999999915,94.8,99.5,-4.700000000000003,63.9,66.9,-3.000000000000007
2015,St. John's,San Diego St.,64,76,0,109.6,102.5,7.099999999999994,93.8,86.9,6.8999999999999915,66.9,61.2,5.700000000000003
2015,UC Irvine,Louisville,55,57,0,105.0,107.9,-2.9000000000000057,97.3,86.6,10.700000000000003,64.1,66.0,-1.9000000000000057
2015,Valparaiso,Maryland,62,65,0,105.0,109.9,-4.900000000000006,94.3,93.9,0.3999999999999915,63.2,64.6,-1.3999999999999915
2015,Wyoming,Northern Iowa,54,71,0,102.7,114.0,-11.299999999999997,97.6,92.2,5.3999999999999915,59.1,58.5,0.6000000000000014
2015,Robert Morris,Duke,56,85,0,99.9,124.6,-24.69999999999999,102.7,93.1,9.600000000000009,66.1,66.8,-0.7000000000000028
2015,Dayton,Providence,66,53,1,106.5,111.8,-5.299999999999997,94.8,94.0,0.7999999999999972,64.0,65.8,-1.7999999999999972
2015,Butler,Notre Dame,64,67,0,108.5,124.4,-15.900000000000006,89.7,99.8,-10.099999999999994,64.1,64.1,0.0
2015,UAB,UCLA,75,92,0,101.8,110.1,-8.299999999999997,100.4,96.9,3.5,65.4,66.9,-1.5
2015,Georgia St.,Xavier,67,75,0,109.1,115.0,-5.900000000000006,98.5,96.2,2.299999999999997,63.5,66.0,-2.5
2015,Ohio St.,Arizona,58,73,0,114.2,115.5,-1.2999999999999972,92.8,86.5,6.299999999999997,66.6,66.9,-0.30000000000001137
2015,North Carolina St.,Villanova,71,68,1,113.3,120.7,-7.400000000000006,97.3,91.4,5.8999999999999915,64.9,64.8,0.10000000000000853
2015,Arkansas,North Carolina,78,87,0,113.3,118.4,-5.1000000000000085,97.0,91.7,5.299999999999997,70.1,70.2,-0.10000000000000853
2015,Cincinnati,Kentucky,51,64,0,106.4,119.0,-12.599999999999994,92.5,83.5,9.0,60.2,63.5,-3.299999999999997
2015,Utah,Georgetown,75,64,1,115.1,111.5,3.5999999999999943,88.9,93.2,-4.299999999999997,61.5,64.7,-3.200000000000003
2015,Wichita St.,Kansas,78,65,1,114.1,113.3,0.7999999999999972,91.7,91.0,0.7000000000000028,62.2,67.3,-5.099999999999994
2015,Michigan St.,Virginia,60,54,1,114.8,113.2,1.5999999999999943,92.6,83.3,9.299999999999997,64.1,58.3,5.799999999999997
2015,Northern Iowa,Louisville,53,66,0,114.0,107.9,6.099999999999994,92.2,86.6,5.6000000000000085,58.5,66.0,-7.5
2015,West Virginia,Maryland,69,59,1,110.5,109.9,0.5999999999999943,92.9,93.9,-1.0,69.1,64.6,4.5
2015,Oregon,Wisconsin,65,72,0,112.6,126.4,-13.800000000000011,99.5,92.1,7.400000000000006,66.9,59.3,7.6000000000000085
2015,Iowa,Gonzaga,68,87,0,113.1,120.4,-7.300000000000011,92.6,92.9,-0.30000000000001137,64.6,65.1,-0.5
2015,San Diego St.,Duke,49,68,0,102.5,124.6,-22.099999999999994,86.9,93.1,-6.199999999999989,61.2,66.8,-5.599999999999994
2015,Dayton,Oklahoma,66,72,0,106.5,110.0,-3.5,94.8,87.3,7.5,64.0,68.1,-4.099999999999994
2015,Xavier,Arizona,60,68,0,115.0,115.5,-0.5,96.2,86.5,9.700000000000003,66.0,66.9,-0.9000000000000057
2015,Wichita St.,Notre Dame,70,81,0,114.1,124.4,-10.300000000000011,91.7,99.8,-8.099999999999994,62.2,64.1,-1.8999999999999915
2015,North Carolina,Wisconsin,72,79,0,118.4,126.4,-8.0,91.7,92.1,-0.3999999999999915,70.2,59.3,10.900000000000006
2015,West Virginia,Kentucky,39,78,0,110.5,119.0,-8.5,92.9,83.5,9.400000000000006,69.1,63.5,5.599999999999994
2015,Utah,Duke,57,63,0,115.1,124.6,-9.5,88.9,93.1,-4.199999999999989,61.5,66.8,-5.299999999999997
2015,Michigan St.,Oklahoma,62,58,1,114.8,110.0,4.799999999999997,92.6,87.3,5.299999999999997,64.1,68.1,-4.0
2015,UCLA,Gonzaga,62,74,0,110.1,120.4,-10.300000000000011,96.9,92.9,4.0,66.9,65.1,1.8000000000000114
2015,North Carolina St.,Louisville,65,75,0,113.3,107.9,5.3999999999999915,97.3,86.6,10.700000000000003,64.9,66.0,-1.0999999999999943
2015,Notre Dame,Kentucky,66,68,0,124.4,119.0,5.400000000000006,99.8,83.5,16.299999999999997,64.1,63.5,0.5999999999999943
2015,Arizona,Wisconsin,78,85,0,115.5,126.4,-10.900000000000006,86.5,92.1,-5.599999999999994,66.9,59.3,7.6000000000000085
2015,Michigan St.,Louisville,76,70,1,114.8,107.9,6.8999999999999915,92.6,86.6,6.0,64.1,66.0,-1.9000000000000057
2015,Gonzaga,Duke,52,66,0,120.4,124.6,-4.199999999999989,92.9,93.1,-0.19999999999998863,65.1,66.8,-1.7000000000000028
2015,Wisconsin,Kentucky,71,64,1,126.4,119.0,7.400000000000006,92.1,83.5,8.599999999999994,59.3,63.5,-4.200000000000003
2015,Michigan St.,Duke,61,81,0,114.8,124.6,-9.799999999999997,92.6,93.1,-0.5,64.1,66.8,-2.700000000000003
2015,Duke,Wisconsin,68,63,1,124.6,126.4,-1.8000000000000114,93.1,92.1,1.0,66.8,59.3,7.5
2016,Florida Gulf Coast,Fairleigh Dickinson,96,65,1,102.3,103.7,-1.4000000000000057,103.0,114.6,-11.599999999999994,67.7,72.2,-4.5
2016,Wichita St.,Vanderbilt,70,50,1,111.5,114.6,-3.0999999999999943,90.3,92.8,-2.5,66.8,68.6,-1.7999999999999972
2016,Holy Cross,Southern,59,55,1,97.3,100.0,-2.700000000000003,107.6,106.0,1.5999999999999943,64.6,69.6,-5.0
2016,Tulsa,Michigan,62,67,0,109.2,114.7,-5.5,99.4,99.7,-0.29999999999999716,69.5,66.5,3.0
2016,Yale,Baylor,79,75,1,108.2,117.8,-9.599999999999994,95.3,99.3,-4.0,66.8,67.3,-0.5
2016,Connecticut,Colorado,74,67,1,110.4,107.8,2.6000000000000085,93.3,95.4,-2.1000000000000085,66.9,69.9,-3.0
2016,UNC Wilmington,Duke,85,93,0,108.6,121.5,-12.900000000000006,100.6,98.5,2.0999999999999943,71.3,68.8,2.5
2016,Chattanooga,Indiana,74,99,0,105.9,120.1,-14.199999999999989,100.2,98.0,2.200000000000003,67.1,69.3,-2.200000000000003
2016,Iona,Iowa St.,81,94,0,108.9,120.4,-11.5,102.8,98.9,3.8999999999999915,72.6,72.3,0.29999999999999716
2016,Austin Peay,Kansas,79,105,0,101.8,120.5,-18.700000000000003,108.4,91.3,17.10000000000001,70.4,70.1,0.30000000000001137
2016,Stony Brook,Kentucky,57,85,0,106.1,122.3,-16.200000000000003,98.7,95.8,2.9000000000000057,67.6,68.0,-0.4000000000000057
2016,Buffalo,Miami FL,72,79,0,104.3,118.8,-14.5,102.5,95.4,7.099999999999994,72.9,67.2,5.700000000000003
2016,Arkansas Little Rock,Purdue,85,83,1,106.9,116.6,-9.699999999999989,95.6,92.8,2.799999999999997,63.9,68.8,-4.899999999999999
2016,Gonzaga,Seton Hall,68,52,1,117.0,111.1,5.900000000000006,96.3,92.5,3.799999999999997,68.2,70.3,-2.0999999999999943
2016,Butler,Texas Tech,71,61,1,117.9,112.4,5.5,99.4,98.5,0.9000000000000057,69.2,67.3,1.9000000000000057
2016,Providence,USC,70,69,1,108.9,113.8,-4.8999999999999915,95.1,98.0,-2.9000000000000057,69.5,72.3,-2.799999999999997
2016,Fresno St.,Utah,69,80,0,105.5,115.2,-9.700000000000003,99.9,97.3,2.6000000000000085,69.9,67.0,2.9000000000000057
2016,Hampton,Virginia,45,81,0,98.0,119.5,-21.5,106.9,91.9,15.0,72.1,61.6,10.499999999999993
2016,Florida Gulf Coast,North Carolina,67,83,0,102.3,120.1,-17.799999999999997,103.0,94.3,8.700000000000003,67.7,72.3,-4.599999999999994
2016,Wichita St.,Arizona,65,55,1,111.5,116.4,-4.900000000000006,90.3,95.7,-5.400000000000006,66.8,69.1,-2.299999999999997
2016,Hawaii,California,77,66,1,107.3,112.5,-5.200000000000003,95.9,93.0,2.9000000000000057,71.4,68.8,2.6000000000000085
2016,Syracuse,Dayton,70,51,1,110.8,106.8,4.0,94.6,92.6,2.0,65.7,68.5,-2.799999999999997
2016,Temple,Iowa,70,72,0,106.3,116.0,-9.700000000000003,98.1,94.8,3.299999999999997,66.7,70.0,-3.299999999999997
2016,South Dakota St.,Maryland,74,79,0,110.5,115.1,-4.599999999999994,100.7,96.4,4.299999999999997,69.3,68.0,1.2999999999999972
2016,Middle Tennessee,Michigan St.,90,81,1,102.2,121.4,-19.200000000000003,98.6,94.8,3.799999999999997,68.6,67.6,1.0
2016,Cal St. Bakersfield,Oklahoma,68,82,0,103.2,117.6,-14.399999999999991,95.5,92.8,2.700000000000003,68.5,71.1,-2.5999999999999943
2016,VCU,Oregon St.,75,67,1,111.4,109.8,1.6000000000000085,93.8,98.1,-4.299999999999997,70.3,68.0,2.299999999999997
2016,Cincinnati,Saint Joseph's,76,78,0,109.5,113.0,-3.5,92.7,96.9,-4.200000000000003,66.2,71.2,-5.0
2016,Northern Iowa,Texas,75,72,1,108.8,111.5,-2.700000000000003,97.6,95.2,2.3999999999999915,63.4,66.3,-2.8999999999999986
2016,Green Bay,Texas A&M,65,92,0,106.9,113.7,-6.799999999999997,104.4,92.2,12.200000000000003,77.2,68.1,9.100000000000009
2016,UNC Asheville,Villanova,56,86,0,101.1,118.9,-17.80000000000001,99.4,90.4,9.0,71.1,67.3,3.799999999999997
2016,Stephen F. Austin,West Virginia,70,56,1,108.5,115.4,-6.900000000000006,97.6,90.2,7.3999999999999915,68.4,70.9,-2.5
2016,Pittsburgh,Wisconsin,43,47,0,115.3,110.2,5.099999999999994,98.2,95.6,2.6000000000000085,66.6,64.2,2.3999999999999915
2016,Weber St.,Xavier,53,71,0,102.9,117.1,-14.199999999999989,99.6,94.5,5.099999999999994,67.9,72.6,-4.699999999999989
2016,Holy Cross,Oregon,52,91,0,97.3,117.7,-20.400000000000006,107.6,96.9,10.699999999999989,64.6,69.1,-4.5
2016,Michigan,Notre Dame,63,70,0,114.7,118.4,-3.700000000000003,99.7,103.5,-3.799999999999997,66.5,65.9,0.5999999999999943
2016,Yale,Duke,64,71,0,108.2,121.5,-13.299999999999997,95.3,98.5,-3.200000000000003,66.8,68.8,-2.0
2016,Butler,Virginia,69,77,0,117.9,119.5,-1.5999999999999943,99.4,91.9,7.5,69.2,61.6,7.600000000000001
2016,Connecticut,Kansas,61,73,0,110.4,120.5,-10.099999999999994,93.3,91.3,2.0,66.9,70.1,-3.1999999999999886
2016,Arkansas Little Rock,Iowa St.,61,78,0,106.9,120.4,-13.5,95.6,98.9,-3.3000000000000114,63.9,72.3,-8.399999999999999
2016,Indiana,Kentucky,73,67,1,120.1,122.3,-2.200000000000003,98.0,95.8,2.200000000000003,69.3,68.0,1.2999999999999972
2016,Wichita St.,Miami FL,57,65,0,111.5,118.8,-7.299999999999997,90.3,95.4,-5.1000000000000085,66.8,67.2,-0.4000000000000057
2016,Providence,North Carolina,66,85,0,108.9,120.1,-11.199999999999989,95.1,94.3,0.7999999999999972,69.5,72.3,-2.799999999999997
2016,Gonzaga,Utah,82,59,1,117.0,115.2,1.7999999999999972,96.3,97.3,-1.0,68.2,67.0,1.2000000000000028
2016,Middle Tennessee,Syracuse,50,75,0,102.2,110.8,-8.599999999999994,98.6,94.6,4.0,68.6,65.7,2.8999999999999915
2016,Iowa,Villanova,68,87,0,116.0,118.9,-2.9000000000000057,94.8,90.4,4.3999999999999915,70.0,67.3,2.700000000000003
2016,VCU,Oklahoma,81,85,0,111.4,117.6,-6.199999999999989,93.8,92.8,1.0,70.3,71.1,-0.7999999999999972
2016,Hawaii,Maryland,60,73,0,107.3,115.1,-7.799999999999997,95.9,96.4,-0.5,71.4,68.0,3.4000000000000057
2016,Wisconsin,Xavier,66,63,1,110.2,117.1,-6.8999999999999915,95.6,94.5,1.0999999999999943,64.2,72.6,-8.399999999999991
2016,Stephen F. Austin,Notre Dame,75,76,0,108.5,118.4,-9.900000000000006,97.6,103.5,-5.900000000000006,68.4,65.9,2.5
2016,Northern Iowa,Texas A&M,88,92,0,108.8,113.7,-4.900000000000006,97.6,92.2,5.3999999999999915,63.4,68.1,-4.699999999999996
2016,Saint Joseph's,Oregon,64,69,0,113.0,117.7,-4.700000000000003,96.9,96.9,0.0,71.2,69.1,2.1000000000000085
2016,Miami FL,Villanova,69,92,0,118.8,118.9,-0.10000000000000853,95.4,90.4,5.0,67.2,67.3,-0.09999999999999432
2016,Maryland,Kansas,63,79,0,115.1,120.5,-5.400000000000006,96.4,91.3,5.1000000000000085,68.0,70.1,-2.0999999999999943
2016,Texas A&M,Oklahoma,63,77,0,113.7,117.6,-3.8999999999999915,92.2,92.8,-0.5999999999999943,68.1,71.1,-3.0
2016,Duke,Oregon,68,82,0,121.5,117.7,3.799999999999997,98.5,96.9,1.5999999999999943,68.8,69.1,-0.29999999999999716
2016,Iowa St.,Virginia,71,84,0,120.4,119.5,0.9000000000000057,98.9,91.9,7.0,72.3,61.6,10.699999999999996
2016,Indiana,North Carolina,86,101,0,120.1,120.1,0.0,98.0,94.3,3.700000000000003,69.3,72.3,-3.0
2016,Gonzaga,Syracuse,60,63,0,117.0,110.8,6.200000000000003,96.3,94.6,1.7000000000000028,68.2,65.7,2.5
2016,Wisconsin,Notre Dame,56,61,0,110.2,118.4,-8.200000000000003,95.6,103.5,-7.900000000000006,64.2,65.9,-1.7000000000000028
2016,Villanova,Kansas,64,59,1,118.9,120.5,-1.5999999999999943,90.4,91.3,-0.8999999999999915,67.3,70.1,-2.799999999999997
2016,Oklahoma,Oregon,80,68,1,117.6,117.7,-0.10000000000000853,92.8,96.9,-4.1000000000000085,71.1,69.1,2.0
2016,Syracuse,Virginia,68,62,1,110.8,119.5,-8.700000000000003,94.6,91.9,2.6999999999999886,65.7,61.6,4.100000000000001
2016,Notre Dame,North Carolina,74,88,0,118.4,120.1,-1.6999999999999886,103.5,94.3,9.200000000000003,65.9,72.3,-6.3999999999999915
2016,Villanova,Oklahoma,95,51,1,118.9,117.6,1.3000000000000114,90.4,92.8,-2.3999999999999915,67.3,71.1,-3.799999999999997
2016,Syracuse,North Carolina,66,83,0,110.8,120.1,-9.299999999999997,94.6,94.3,0.29999999999999716,65.7,72.3,-6.599999999999994
2016,Villanova,North Carolina,77,74,1,118.9,120.1,-1.1999999999999886,90.4,94.3,-3.8999999999999915,67.3,72.3,-5.0
2017,Wake Forest,Kansas St.,88,95,0,121.4,111.5,9.900000000000006,101.8,93.3,8.5,72.0,67.3,4.700000000000003
2017,New Orleans,Mount St. Mary's,66,67,0,99.1,98.3,0.7999999999999972,101.0,101.5,-0.5,67.8,68.4,-0.6000000000000085
2017,USC,Providence,75,71,1,111.2,107.4,3.799999999999997,99.6,94.5,5.099999999999994,70.5,67.9,2.5999999999999943
2017,North Carolina Central,UC Davis,63,67,0,101.7,97.9,3.799999999999997,100.8,101.0,-0.20000000000000284,67.9,70.2,-2.299999999999997
2017,North Dakota,Arizona,82,100,0,102.1,116.3,-14.200000000000003,102.6,94.3,8.299999999999997,72.4,67.0,5.400000000000006
2017,Winthrop,Butler,64,76,0,105.4,117.5,-12.099999999999994,101.8,97.0,4.799999999999997,72.3,67.0,5.299999999999997
2017,East Tennessee St.,Florida,65,80,0,106.9,115.7,-8.799999999999997,96.8,89.3,7.5,71.6,70.4,1.1999999999999886
2017,Florida Gulf Coast,Florida St.,80,86,0,108.5,116.0,-7.5,103.9,94.3,9.600000000000009,66.8,72.6,-5.799999999999997
2017,South Dakota St.,Gonzaga,46,66,0,108.6,119.8,-11.200000000000003,111.7,88.0,23.700000000000003,68.6,71.8,-3.200000000000003
2017,Nevada,Iowa St.,73,84,0,113.5,118.1,-4.599999999999994,101.1,95.6,5.5,71.1,69.6,1.5
2017,Xavier,Maryland,76,65,1,114.5,113.0,1.5,97.3,97.3,0.0,68.7,68.6,0.10000000000000853
2017,Middle Tennessee,Minnesota,81,72,1,110.4,108.3,2.1000000000000085,96.3,91.8,4.5,65.7,70.9,-5.200000000000003
2017,Vanderbilt,Northwestern,66,68,0,112.8,111.1,1.7000000000000028,95.2,94.7,0.5,67.0,66.7,0.29999999999999716
2017,Princeton,Notre Dame,58,60,0,108.1,119.5,-11.400000000000006,96.6,96.4,0.19999999999998863,64.3,68.5,-4.200000000000003
2017,Vermont,Purdue,70,80,0,109.5,116.1,-6.599999999999994,98.6,92.3,6.299999999999997,65.9,70.5,-4.599999999999994
2017,VCU,Saint Mary's,77,85,0,107.9,118.3,-10.399999999999991,95.8,94.2,1.5999999999999943,69.8,60.8,9.0
2017,Mount St. Mary's,Villanova,56,76,0,98.3,122.2,-23.900000000000006,101.5,92.2,9.299999999999997,68.4,65.8,2.6000000000000085
2017,UNC Wilmington,Virginia,71,76,0,117.1,114.1,3.0,104.6,86.7,17.89999999999999,71.4,60.3,11.100000000000009
2017,Bucknell,West Virginia,80,86,0,107.5,116.1,-8.599999999999994,99.5,89.8,9.700000000000003,71.3,72.5,-1.2000000000000028
2017,Virginia Tech,Wisconsin,74,84,0,116.5,113.5,3.0,101.4,91.5,9.900000000000006,70.1,64.5,5.599999999999994
2017,Seton Hall,Arkansas,71,77,0,108.6,115.4,-6.800000000000011,95.8,101.1,-5.299999999999997,68.8,70.9,-2.1000000000000085
2017,New Mexico St.,Baylor,73,91,0,109.0,116.0,-7.0,101.8,92.5,9.299999999999997,68.9,64.8,4.1000000000000085
2017,Kansas St.,Cincinnati,61,75,0,111.5,113.6,-2.0999999999999943,93.3,91.2,2.0999999999999943,67.3,65.7,1.5999999999999943
2017,Rhode Island,Creighton,84,72,1,110.2,115.6,-5.3999999999999915,94.9,95.3,-0.3999999999999915,67.8,72.6,-4.799999999999997
2017,Wichita St.,Dayton,64,58,1,116.9,110.5,6.400000000000006,92.8,96.5,-3.700000000000003,70.5,69.8,0.7000000000000028
2017,Troy,Duke,65,87,0,108.8,121.1,-12.299999999999997,107.0,94.9,12.099999999999994,69.4,69.6,-0.19999999999998863
2017,UC Davis,Kansas,62,100,0,97.9,120.4,-22.5,101.0,94.4,6.599999999999994,70.2,71.6,-1.3999999999999915
2017,Northern Kentucky,Kentucky,70,79,0,105.6,119.2,-13.600000000000009,104.3,91.5,12.799999999999997,69.3,74.6,-5.299999999999997
2017,Jacksonville St.,Louisville,63,78,0,104.0,116.2,-12.200000000000003,104.8,89.7,15.099999999999994,65.2,69.7,-4.5
2017,Michigan St.,Miami FL,78,58,1,109.7,110.7,-1.0,94.6,92.3,2.299999999999997,68.2,64.7,3.5
2017,Oklahoma St.,Michigan,91,92,0,125.1,121.6,3.5,101.4,97.9,3.5,73.0,64.0,9.0
2017,Texas Southern,North Carolina,64,103,0,101.7,121.0,-19.299999999999997,106.7,93.1,13.600000000000009,69.9,72.7,-2.799999999999997
2017,Iona,Oregon,77,93,0,108.7,116.0,-7.299999999999997,105.3,93.7,11.599999999999994,71.8,68.5,3.299999999999997
2017,USC,SMU,66,65,1,111.2,118.8,-7.599999999999994,99.6,93.7,5.8999999999999915,70.5,65.0,5.5
2017,Marquette,South Carolina,73,93,0,121.4,105.2,16.200000000000003,101.6,88.3,13.299999999999997,71.5,69.6,1.9000000000000057
2017,Kent St.,UCLA,80,97,0,103.8,121.7,-17.900000000000006,102.5,99.2,3.299999999999997,69.7,75.4,-5.700000000000003
2017,Saint Mary's,Arizona,60,69,0,118.3,116.3,2.0,94.2,94.3,-0.09999999999999432,60.8,67.0,-6.200000000000003
2017,Middle Tennessee,Butler,65,74,0,110.4,117.5,-7.099999999999994,96.3,97.0,-0.7000000000000028,65.7,67.0,-1.2999999999999972
2017,Virginia,Florida,39,65,0,114.1,115.7,-1.6000000000000085,86.7,89.3,-2.5999999999999943,60.3,70.4,-10.100000000000009
2017,Xavier,Florida St.,91,66,1,114.5,116.0,-1.5,97.3,94.3,3.0,68.7,72.6,-3.8999999999999915
2017,Northwestern,Gonzaga,73,79,0,111.1,119.8,-8.700000000000003,94.7,88.0,6.700000000000003,66.7,71.8,-5.099999999999994
2017,Iowa St.,Purdue,76,80,0,118.1,116.1,2.0,95.6,92.3,3.299999999999997,69.6,70.5,-0.9000000000000057
2017,Wisconsin,Villanova,65,62,1,113.5,122.2,-8.700000000000003,91.5,92.2,-0.7000000000000028,64.5,65.8,-1.2999999999999972
2017,Notre Dame,West Virginia,71,83,0,119.5,116.1,3.4000000000000057,96.4,89.8,6.6000000000000085,68.5,72.5,-4.0
2017,USC,Baylor,78,82,0,111.2,116.0,-4.799999999999997,99.6,92.5,7.099999999999994,70.5,64.8,5.700000000000003
2017,South Carolina,Duke,88,81,1,105.2,121.1,-15.899999999999991,88.3,94.9,-6.6000000000000085,69.6,69.6,0.0
2017,Michigan St.,Kansas,70,90,0,109.7,120.4,-10.700000000000003,94.6,94.4,0.19999999999998863,68.2,71.6,-3.3999999999999915
2017,Wichita St.,Kentucky,62,65,0,116.9,119.2,-2.299999999999997,92.8,91.5,1.2999999999999972,70.5,74.6,-4.099999999999994
2017,Michigan,Louisville,73,69,1,121.6,116.2,5.3999999999999915,97.9,89.7,8.200000000000003,64.0,69.7,-5.700000000000003
2017,Arkansas,North Carolina,65,72,0,115.4,121.0,-5.599999999999994,101.1,93.1,8.0,70.9,72.7,-1.7999999999999972
2017,Rhode Island,Oregon,72,75,0,110.2,116.0,-5.799999999999997,94.9,93.7,1.2000000000000028,67.8,68.5,-0.7000000000000028
2017,Cincinnati,UCLA,67,79,0,113.6,121.7,-8.100000000000009,91.2,99.2,-8.0,65.7,75.4,-9.700000000000003
2017,Xavier,Arizona,73,71,1,114.5,116.3,-1.7999999999999972,97.3,94.3,3.0,68.7,67.0,1.7000000000000028
2017,West Virginia,Gonzaga,58,61,0,116.1,119.8,-3.700000000000003,89.8,88.0,1.7999999999999972,72.5,71.8,0.7000000000000028
2017,Purdue,Kansas,66,98,0,116.1,120.4,-4.300000000000011,92.3,94.4,-2.1000000000000085,70.5,71.6,-1.0999999999999943
2017,Michigan,Oregon,68,69,0,121.6,116.0,5.599999999999994,97.9,93.7,4.200000000000003,64.0,68.5,-4.5
2017,South Carolina,Baylor,70,50,1,105.2,116.0,-10.799999999999997,88.3,92.5,-4.200000000000003,69.6,64.8,4.799999999999997
2017,Wisconsin,Florida,83,84,0,113.5,115.7,-2.200000000000003,91.5,89.3,2.200000000000003,64.5,70.4,-5.900000000000006
2017,UCLA,Kentucky,75,86,0,121.7,119.2,2.5,99.2,91.5,7.700000000000003,75.4,74.6,0.8000000000000114
2017,Butler,North Carolina,80,92,0,117.5,121.0,-3.5,97.0,93.1,3.9000000000000057,67.0,72.7,-5.700000000000003
2017,Xavier,Gonzaga,59,83,0,114.5,119.8,-5.299999999999997,97.3,88.0,9.299999999999997,68.7,71.8,-3.0999999999999943
2017,Oregon,Kansas,74,60,1,116.0,120.4,-4.400000000000006,93.7,94.4,-0.7000000000000028,68.5,71.6,-3.0999999999999943
2017,South Carolina,Florida,77,70,1,105.2,115.7,-10.5,88.3,89.3,-1.0,69.6,70.4,-0.8000000000000114
2017,Kentucky,North Carolina,73,75,0,119.2,121.0,-1.7999999999999972,91.5,93.1,-1.5999999999999943,74.6,72.7,1.8999999999999915
2017,South Carolina,Gonzaga,73,77,0,105.2,119.8,-14.599999999999994,88.3,88.0,0.29999999999999716,69.6,71.8,-2.200000000000003
2017,Oregon,North Carolina,76,77,0,116.0,121.0,-5.0,93.7,93.1,0.6000000000000085,68.5,72.7,-4.200000000000003
2017,Gonzaga,North Carolina,65,71,0,119.8,121.0,-1.2000000000000028,88.0,93.1,-5.099999999999994,71.8,72.7,-0.9000000000000057
2018,Radford,LIU Brooklyn,71,61,1,101.8,102.0,-0.20000000000000284,103.5,110.5,-7.0,64.0,72.7,-8.700000000000003
2018,UCLA,St. Bonaventure,58,65,0,114.7,110.4,4.299999999999997,101.9,100.6,1.3000000000000114,71.6,70.4,1.1999999999999886
2018,Syracuse,Arizona St.,60,56,1,106.3,117.2,-10.900000000000006,93.0,102.1,-9.099999999999994,64.5,72.9,-8.400000000000006
2018,Texas Southern,North Carolina Central,64,46,1,104.8,96.8,8.0,112.9,111.1,1.8000000000000114,72.5,66.4,6.099999999999994
2018,Buffalo,Arizona,89,68,1,113.6,117.4,-3.8000000000000114,102.6,100.1,2.5,74.0,68.5,5.5
2018,Iona,Duke,67,89,0,108.9,123.2,-14.299999999999997,107.3,93.9,13.399999999999991,71.6,71.4,0.19999999999998863
2018,St. Bonaventure,Florida,62,77,0,110.4,116.0,-5.599999999999994,100.6,95.2,5.3999999999999915,70.4,68.3,2.1000000000000085
2018,UNC Greensboro,Gonzaga,64,68,0,103.5,118.3,-14.799999999999997,96.2,95.2,1.0,66.1,70.3,-4.200000000000003
2018,San Diego St.,Houston,65,67,0,110.6,114.6,-4.0,95.7,95.1,0.6000000000000085,70.0,69.4,0.5999999999999943
2018,Penn,Kansas,60,76,0,103.1,121.7,-18.60000000000001,97.6,95.7,1.8999999999999915,70.1,69.8,0.29999999999999716
2018,Davidson,Kentucky,73,78,0,116.7,115.1,1.6000000000000085,102.5,95.7,6.799999999999997,65.4,70.0,-4.599999999999994
2018,Loyola Chicago,Miami FL,64,62,1,109.0,112.6,-3.5999999999999943,96.8,95.5,1.2999999999999972,66.5,68.3,-1.7999999999999972
2018,Montana,Michigan,47,61,0,107.6,114.3,-6.700000000000003,99.1,92.5,6.599999999999994,69.1,65.7,3.3999999999999915
2018,South Dakota St.,Ohio St.,73,81,0,114.0,116.1,-2.0999999999999943,101.6,93.6,8.0,71.4,67.8,3.6000000000000085
2018,Oklahoma,Rhode Island,78,83,0,115.9,110.2,5.700000000000003,99.3,96.5,2.799999999999997,77.0,69.9,7.099999999999994
2018,North Carolina St.,Seton Hall,83,94,0,114.8,116.5,-1.7000000000000028,101.1,97.4,3.6999999999999886,72.8,70.7,2.0999999999999943
2018,Wright St.,Tennessee,47,73,0,99.6,114.3,-14.700000000000003,96.5,92.3,4.200000000000003,69.3,67.3,2.0
2018,Stephen F. Austin,Texas Tech,60,70,0,104.1,112.9,-8.800000000000011,98.3,91.1,7.200000000000003,72.1,67.6,4.5
2018,Radford,Villanova,61,87,0,101.8,127.7,-25.900000000000006,103.5,95.4,8.099999999999994,64.0,69.5,-5.5
2018,Alabama,Virginia Tech,86,83,1,107.0,114.4,-7.400000000000006,94.8,98.4,-3.6000000000000085,70.0,70.3,-0.29999999999999716
2018,Butler,Arkansas,79,62,1,115.4,117.0,-1.5999999999999943,95.5,100.3,-4.799999999999997,69.4,71.1,-1.6999999999999886
2018,College of Charleston,Auburn,58,62,0,106.7,117.0,-10.299999999999997,105.1,97.1,8.0,65.8,73.7,-7.900000000000006
2018,Georgia St.,Cincinnati,53,68,0,107.2,111.1,-3.8999999999999915,100.7,86.5,14.200000000000003,67.9,66.5,1.4000000000000057
2018,New Mexico St.,Clemson,68,79,0,106.9,111.6,-4.699999999999989,94.2,93.7,0.5,69.3,67.0,2.299999999999997
2018,Kansas St.,Creighton,69,59,1,112.3,117.3,-5.0,95.8,97.0,-1.2000000000000028,66.5,72.3,-5.799999999999997
2018,Bucknell,Michigan St.,78,82,0,107.6,119.4,-11.800000000000011,101.9,93.7,8.200000000000003,72.9,68.2,4.700000000000003
2018,Florida St.,Missouri,67,54,1,114.5,113.0,1.5,98.4,96.3,2.1000000000000085,73.0,66.8,6.200000000000003
2018,Texas,Nevada,83,87,0,108.6,118.0,-9.400000000000006,92.7,101.5,-8.799999999999997,66.7,70.9,-4.200000000000003
2018,Lipscomb,North Carolina,66,84,0,102.6,121.2,-18.60000000000001,101.8,96.8,5.0,75.9,72.5,3.4000000000000057
2018,Cal St. Fullerton,Purdue,48,74,0,102.6,123.6,-21.0,103.8,94.4,9.399999999999991,70.8,68.9,1.8999999999999915
2018,Syracuse,TCU,57,52,1,106.3,120.4,-14.100000000000009,93.0,101.1,-8.099999999999994,64.5,70.1,-5.599999999999994
2018,Providence,Texas A&M,69,73,0,108.7,110.3,-1.5999999999999943,96.5,93.6,2.9000000000000057,68.3,70.0,-1.7000000000000028
2018,UMBC,Virginia,74,54,1,102.5,115.2,-12.700000000000003,105.5,85.0,20.5,69.3,60.4,8.899999999999999
2018,Murray St.,West Virginia,68,85,0,111.1,119.1,-8.0,101.2,95.3,5.900000000000006,68.0,71.2,-3.200000000000003
2018,Marshall,Wichita St.,81,75,1,107.8,120.4,-12.600000000000009,103.4,101.5,1.9000000000000057,76.1,70.2,5.8999999999999915
2018,Texas Southern,Xavier,83,102,0,104.8,121.4,-16.60000000000001,112.9,97.3,15.600000000000009,72.5,71.6,0.9000000000000057
2018,Rhode Island,Duke,62,87,0,110.2,123.2,-13.0,96.5,93.9,2.5999999999999943,69.9,71.4,-1.5
2018,Ohio St.,Gonzaga,84,90,0,116.1,118.3,-2.200000000000003,93.6,95.2,-1.6000000000000085,67.8,70.3,-2.5
2018,Seton Hall,Kansas,79,83,0,116.5,121.7,-5.200000000000003,97.4,95.7,1.7000000000000028,70.7,69.8,0.9000000000000057
2018,Buffalo,Kentucky,75,95,0,113.6,115.1,-1.5,102.6,95.7,6.8999999999999915,74.0,70.0,4.0
2018,Houston,Michigan,63,64,0,114.6,114.3,0.29999999999999716,95.1,92.5,2.5999999999999943,69.4,65.7,3.700000000000003
2018,Loyola Chicago,Tennessee,63,62,1,109.0,114.3,-5.299999999999997,96.8,92.3,4.5,66.5,67.3,-0.7999999999999972
2018,Florida,Texas Tech,66,69,0,116.0,112.9,3.0999999999999943,95.2,91.1,4.1000000000000085,68.3,67.6,0.7000000000000028
2018,Alabama,Villanova,58,81,0,107.0,127.7,-20.700000000000003,94.8,95.4,-0.6000000000000085,70.0,69.5,0.5
2018,Clemson,Auburn,84,53,1,111.6,117.0,-5.400000000000006,93.7,97.1,-3.3999999999999915,67.0,73.7,-6.700000000000003
2018,Nevada,Cincinnati,75,73,1,118.0,111.1,6.900000000000006,101.5,86.5,15.0,70.9,66.5,4.400000000000006
2018,UMBC,Kansas St.,43,50,0,102.5,112.3,-9.799999999999997,105.5,95.8,9.700000000000003,69.3,66.5,2.799999999999997
2018,Syracuse,Michigan St.,55,53,1,106.3,119.4,-13.100000000000009,93.0,93.7,-0.7000000000000028,64.5,68.2,-3.700000000000003
2018,Texas A&M,North Carolina,86,65,1,110.3,121.2,-10.900000000000006,93.6,96.8,-3.200000000000003,70.0,72.5,-2.5
2018,Butler,Purdue,73,76,0,115.4,123.6,-8.199999999999989,95.5,94.4,1.0999999999999943,69.4,68.9,0.5
2018,Marshall,West Virginia,71,94,0,107.8,119.1,-11.299999999999997,103.4,95.3,8.100000000000009,76.1,71.2,4.8999999999999915
2018,Florida St.,Xavier,75,70,1,114.5,121.4,-6.900000000000006,98.4,97.3,1.1000000000000085,73.0,71.6,1.4000000000000057
2018,Florida St.,Gonzaga,75,60,1,114.5,118.3,-3.799999999999997,98.4,95.2,3.200000000000003,73.0,70.3,2.700000000000003
2018,Kansas St.,Kentucky,61,58,1,112.3,115.1,-2.799999999999997,95.8,95.7,0.09999999999999432,66.5,70.0,-3.5
2018,Texas A&M,Michigan,72,99,0,110.3,114.3,-4.0,93.6,92.5,1.0999999999999943,70.0,65.7,4.299999999999997
2018,Loyola Chicago,Nevada,69,68,1,109.0,118.0,-9.0,96.8,101.5,-4.700000000000003,66.5,70.9,-4.400000000000006
2018,Syracuse,Duke,65,69,0,106.3,123.2,-16.900000000000006,93.0,93.9,-0.9000000000000057,64.5,71.4,-6.900000000000006
2018,Clemson,Kansas,76,80,0,111.6,121.7,-10.100000000000009,93.7,95.7,-2.0,67.0,69.8,-2.799999999999997
2018,Texas Tech,Purdue,78,65,1,112.9,123.6,-10.699999999999989,91.1,94.4,-3.3000000000000114,67.6,68.9,-1.3000000000000114
2018,West Virginia,Villanova,78,90,0,119.1,127.7,-8.600000000000009,95.3,95.4,-0.10000000000000853,71.2,69.5,1.7000000000000028
2018,Loyola Chicago,Kansas St.,78,62,1,109.0,112.3,-3.299999999999997,96.8,95.8,1.0,66.5,66.5,0.0
2018,Florida St.,Michigan,54,58,0,114.5,114.3,0.20000000000000284,98.4,92.5,5.900000000000006,73.0,65.7,7.299999999999997
2018,Duke,Kansas,81,85,0,123.2,121.7,1.5,93.9,95.7,-1.7999999999999972,71.4,69.8,1.6000000000000085
2018,Texas Tech,Villanova,59,71,0,112.9,127.7,-14.799999999999997,91.1,95.4,-4.300000000000011,67.6,69.5,-1.9000000000000057
2018,Villanova,Kansas,95,79,1,127.7,121.7,6.0,95.4,95.7,-0.29999999999999716,69.5,69.8,-0.29999999999999716
2018,Loyola Chicago,Michigan,57,69,0,109.0,114.3,-5.299999999999997,96.8,92.5,4.299999999999997,66.5,65.7,0.7999999999999972
2018,Michigan,Villanova,62,79,0,114.3,127.7,-13.400000000000006,92.5,95.4,-2.9000000000000057,65.7,69.5,-3.799999999999997
2019,Fairleigh Dickinson,Prairie View A&M,82,76,1,104.8,101.0,3.799999999999997,110.3,105.1,5.200000000000003,68.3,72.1,-3.799999999999997
2019,Belmont,Temple,81,70,1,113.4,109.2,4.200000000000003,101.3,97.6,3.700000000000003,72.5,70.1,2.4000000000000057
2019,North Dakota St.,North Carolina Central,78,74,1,105.8,97.2,8.599999999999994,108.7,107.5,1.2000000000000028,66.4,66.4,0.0
2019,Arizona St.,St. John's,74,65,1,108.9,109.1,-0.19999999999998863,97.9,99.8,-1.8999999999999915,71.7,72.2,-0.5
2019,New Mexico St.,Auburn,77,78,0,111.6,119.4,-7.800000000000011,98.8,95.9,2.8999999999999915,66.9,69.3,-2.3999999999999915
2019,Vermont,Florida St.,69,76,0,107.2,111.3,-4.099999999999994,98.1,92.1,6.0,66.7,69.9,-3.200000000000003
2019,Fairleigh Dickinson,Gonzaga,49,87,0,104.8,124.1,-19.299999999999997,110.3,91.6,18.700000000000003,68.3,71.9,-3.6000000000000085
2019,Northeastern,Kansas,53,87,0,110.0,112.5,-2.5,102.8,92.2,10.599999999999994,67.7,71.4,-3.700000000000003
2019,Abilene Christian,Kentucky,44,79,0,102.2,116.9,-14.700000000000003,101.0,91.7,9.299999999999997,66.9,67.2,-0.29999999999999716
2019,Minnesota,Louisville,86,76,1,109.5,112.9,-3.4000000000000057,96.6,92.7,3.8999999999999915,68.9,68.7,0.20000000000000284
2019,Yale,LSU,74,79,0,110.1,118.3,-8.200000000000003,102.0,97.1,4.900000000000006,72.2,71.2,1.0
2019,Murray St.,Marquette,83,64,1,110.5,112.2,-1.7000000000000028,98.5,95.7,2.799999999999997,70.0,70.4,-0.4000000000000057
2019,Belmont,Maryland,77,79,0,113.4,112.5,0.9000000000000057,101.3,93.8,7.5,72.5,67.6,4.900000000000006
2019,Montana,Michigan,55,74,0,106.7,115.3,-8.599999999999994,103.2,86.2,17.0,67.6,65.8,1.7999999999999972
2019,Bradley,Michigan St.,65,76,0,100.0,120.0,-20.0,101.1,92.0,9.099999999999994,66.3,69.2,-2.9000000000000057
2019,Florida,Nevada,70,61,1,109.8,112.9,-3.1000000000000085,91.4,95.5,-4.099999999999994,64.2,70.7,-6.5
2019,Old Dominion,Purdue,48,61,0,100.4,121.0,-20.599999999999994,95.5,95.6,-0.09999999999999432,66.0,67.0,-1.0
2019,Baylor,Syracuse,78,69,1,112.0,109.4,2.5999999999999943,98.1,93.5,4.599999999999994,66.6,67.4,-0.8000000000000114
2019,Saint Mary's,Villanova,57,61,0,114.2,115.1,-0.8999999999999915,97.3,98.7,-1.4000000000000057,64.0,65.1,-1.0999999999999943
2019,Seton Hall,Wofford,68,84,0,107.8,115.8,-8.0,97.0,97.9,-0.9000000000000057,70.3,67.1,3.200000000000003
2019,Arizona St.,Buffalo,74,91,0,108.9,113.2,-4.299999999999997,97.9,95.2,2.700000000000003,71.7,75.3,-3.5999999999999943
2019,Iowa,Cincinnati,79,72,1,116.4,112.1,4.300000000000011,100.5,93.9,6.599999999999994,70.9,64.9,6.0
2019,North Dakota St.,Duke,62,85,0,105.8,119.3,-13.5,108.7,88.3,20.400000000000006,66.4,74.0,-7.599999999999994
2019,Georgia St.,Houston,55,84,0,107.6,114.1,-6.5,101.3,90.9,10.399999999999991,71.2,67.4,3.799999999999997
2019,Ohio St.,Iowa St.,62,59,1,108.3,118.2,-9.900000000000006,94.1,96.1,-2.0,67.2,69.0,-1.7999999999999972
2019,UC Irvine,Kansas St.,70,64,1,105.5,106.5,-1.0,97.0,87.5,9.5,66.5,64.7,1.7999999999999972
2019,Oklahoma,Mississippi,95,72,1,108.9,113.1,-4.199999999999989,92.8,96.6,-3.799999999999997,70.4,69.6,0.8000000000000114
2019,Liberty,Mississippi St.,80,76,1,108.7,116.4,-7.700000000000003,99.7,96.6,3.1000000000000085,63.2,68.7,-5.5
2019,Iona,North Carolina,73,88,0,105.2,119.2,-14.0,110.1,91.2,18.89999999999999,72.1,76.3,-4.200000000000003
2019,Colgate,Tennessee,70,77,0,108.4,122.9,-14.5,105.5,95.0,10.5,68.1,68.8,-0.7000000000000028
2019,Northern Kentucky,Texas Tech,57,72,0,108.4,112.1,-3.6999999999999886,101.6,86.3,15.299999999999997,69.6,67.6,2.0
2019,Washington,Utah St.,78,61,1,106.0,111.2,-5.200000000000003,93.4,95.9,-2.5,67.2,69.3,-2.0999999999999943
2019,UCF,VCU,73,58,1,111.1,104.0,7.099999999999994,93.9,86.9,7.0,66.4,69.7,-3.299999999999997
2019,Gardner Webb,Virginia,56,71,0,105.5,122.6,-17.099999999999994,107.2,88.7,18.5,68.5,61.0,7.5
2019,Saint Louis,Virginia Tech,52,66,0,101.1,118.0,-16.900000000000006,95.4,94.3,1.1000000000000085,67.6,65.0,2.5999999999999943
2019,Oregon,Wisconsin,72,54,1,106.4,108.9,-2.5,92.9,88.8,4.1000000000000085,65.3,64.8,0.5
2019,Murray St.,Florida St.,62,90,0,110.5,111.3,-0.7999999999999972,98.5,92.1,6.400000000000006,70.0,69.9,0.09999999999999432
2019,Baylor,Gonzaga,71,83,0,112.0,124.1,-12.099999999999994,98.1,91.6,6.5,66.6,71.9,-5.300000000000011
2019,Auburn,Kansas,89,75,1,119.4,112.5,6.900000000000006,95.9,92.2,3.700000000000003,69.3,71.4,-2.1000000000000085
2019,Wofford,Kentucky,56,62,0,115.8,116.9,-1.1000000000000085,97.9,91.7,6.200000000000003,67.1,67.2,-0.10000000000000853
2019,Maryland,LSU,67,69,0,112.5,118.3,-5.799999999999997,93.8,97.1,-3.299999999999997,67.6,71.2,-3.6000000000000085
2019,Florida,Michigan,49,64,0,109.8,115.3,-5.5,91.4,86.2,5.200000000000003,64.2,65.8,-1.5999999999999943
2019,Minnesota,Michigan St.,50,70,0,109.5,120.0,-10.5,96.6,92.0,4.599999999999994,68.9,69.2,-0.29999999999999716
2019,Villanova,Purdue,61,87,0,115.1,121.0,-5.900000000000006,98.7,95.6,3.1000000000000085,65.1,67.0,-1.9000000000000057
2019,UCF,Duke,76,77,0,111.1,119.3,-8.200000000000003,93.9,88.3,5.6000000000000085,66.4,74.0,-7.599999999999994
2019,Ohio St.,Houston,59,74,0,108.3,114.1,-5.799999999999997,94.1,90.9,3.1999999999999886,67.2,67.4,-0.20000000000000284
2019,Washington,North Carolina,59,81,0,106.0,119.2,-13.200000000000003,93.4,91.2,2.200000000000003,67.2,76.3,-9.099999999999994
2019,UC Irvine,Oregon,54,73,0,105.5,106.4,-0.9000000000000057,97.0,92.9,4.099999999999994,66.5,65.3,1.2000000000000028
2019,Iowa,Tennessee,77,83,0,116.4,122.9,-6.5,100.5,95.0,5.5,70.9,68.8,2.1000000000000085
2019,Buffalo,Texas Tech,58,78,0,113.2,112.1,1.1000000000000085,95.2,86.3,8.900000000000006,75.3,67.6,7.700000000000003
2019,Oklahoma,Virginia,51,63,0,108.9,122.6,-13.699999999999989,92.8,88.7,4.099999999999994,70.4,61.0,9.400000000000006
2019,Liberty,Virginia Tech,58,67,0,108.7,118.0,-9.299999999999997,99.7,94.3,5.400000000000006,63.2,65.0,-1.7999999999999972
2019,Florida St.,Gonzaga,58,72,0,111.3,124.1,-12.799999999999997,92.1,91.6,0.5,69.9,71.9,-2.0
2019,Texas Tech,Michigan,63,44,1,112.1,115.3,-3.200000000000003,86.3,86.2,0.09999999999999432,67.6,65.8,1.7999999999999972
2019,Purdue,Tennessee,99,94,1,121.0,122.9,-1.9000000000000057,95.6,95.0,0.5999999999999943,67.0,68.8,-1.7999999999999972
2019,Oregon,Virginia,49,53,0,106.4,122.6,-16.19999999999999,92.9,88.7,4.200000000000003,65.3,61.0,4.299999999999997
2019,Virginia Tech,Duke,73,75,0,118.0,119.3,-1.2999999999999972,94.3,88.3,6.0,65.0,74.0,-9.0
2019,Houston,Kentucky,58,62,0,114.1,116.9,-2.8000000000000114,90.9,91.7,-0.7999999999999972,67.4,67.2,0.20000000000000284
2019,LSU,Michigan St.,63,80,0,118.3,120.0,-1.7000000000000028,97.1,92.0,5.099999999999994,71.2,69.2,2.0
2019,Auburn,North Carolina,97,80,1,119.4,119.2,0.20000000000000284,95.9,91.2,4.700000000000003,69.3,76.3,-7.0
2019,Texas Tech,Gonzaga,75,69,1,112.1,124.1,-12.0,86.3,91.6,-5.299999999999997,67.6,71.9,-4.300000000000011
2019,Purdue,Virginia,75,80,0,121.0,122.6,-1.5999999999999943,95.6,88.7,6.8999999999999915,67.0,61.0,6.0
2019,Michigan St.,Duke,68,67,1,120.0,119.3,0.7000000000000028,92.0,88.3,3.700000000000003,69.2,74.0,-4.799999999999997
2019,Auburn,Kentucky,77,71,1,119.4,116.9,2.5,95.9,91.7,4.200000000000003,69.3,67.2,2.0999999999999943
2019,Texas Tech,Michigan St.,61,51,1,112.1,120.0,-7.900000000000006,86.3,92.0,-5.700000000000003,67.6,69.2,-1.6000000000000085
2019,Auburn,Virginia,62,63,0,119.4,122.6,-3.1999999999999886,95.9,88.7,7.200000000000003,69.3,61.0,8.299999999999997
2019,Texas Tech,Virginia,77,85,0,112.1,122.6,-10.5,86.3,88.7,-2.4000000000000057,67.6,61.0,6.599999999999994
2021,UCLA,Michigan St.,86,80,1,114.2,105.4,8.799999999999997,96.2,94.1,2.1000000000000085,65.5,69.6,-4.099999999999994
2021,Texas Southern,Mount St. Mary's,60,52,1,97.9,95.2,2.700000000000003,103.2,99.9,3.299999999999997,72.5,63.0,9.5
2021,Appalachian St.,Norfolk St.,53,54,0,98.4,99.0,-0.5999999999999943,104.3,103.9,0.3999999999999915,66.3,68.7,-2.4000000000000057
2021,Drake,Wichita St.,53,52,1,112.2,109.4,2.799999999999997,100.2,98.0,2.200000000000003,67.6,68.4,-0.8000000000000114
2021,Colgate,Arkansas,68,85,0,112.4,110.0,2.4000000000000057,98.0,91.3,6.700000000000003,72.8,74.0,-1.2000000000000028
2021,Hartford,Baylor,55,79,0,96.7,123.3,-26.599999999999994,99.2,93.5,5.700000000000003,67.8,69.6,-1.7999999999999972
2021,Rutgers,Clemson,60,56,1,106.6,105.2,1.3999999999999915,91.9,90.5,1.4000000000000057,68.7,65.4,3.299999999999997
2021,Virginia Tech,Florida,70,75,0,108.8,110.4,-1.6000000000000085,94.5,93.4,1.0999999999999943,67.4,69.5,-2.0999999999999943
2021,Cleveland St.,Houston,56,87,0,99.2,119.0,-19.799999999999997,99.7,89.4,10.299999999999997,67.1,65.9,1.1999999999999886
2021,Drexel,Illinois,49,78,0,106.2,117.4,-11.200000000000003,103.6,90.8,12.799999999999997,65.3,71.6,-6.299999999999997
2021,Georgia Tech,Loyola Chicago,60,71,0,112.7,109.0,3.700000000000003,95.6,88.2,7.3999999999999915,68.6,64.8,3.799999999999997
2021,Wisconsin,North Carolina,85,62,1,111.5,107.9,3.5999999999999943,90.3,91.9,-1.6000000000000085,65.9,72.8,-6.8999999999999915
2021,Oral Roberts,Ohio St.,75,72,1,107.5,121.4,-13.900000000000006,106.7,97.1,9.600000000000009,72.3,67.8,4.5
2021,Liberty,Oklahoma St.,60,69,0,109.1,109.1,0.0,100.8,92.3,8.5,64.4,72.7,-8.299999999999997
2021,North Texas,Purdue,78,69,1,103.7,111.5,-7.799999999999997,94.0,93.0,1.0,64.2,67.5,-3.299999999999997
2021,Syracuse,San Diego St.,78,62,1,112.2,111.3,0.9000000000000057,97.3,89.3,8.0,70.1,66.9,3.1999999999999886
2021,Oregon St.,Tennessee,70,56,1,109.1,108.5,0.5999999999999943,98.4,88.2,10.200000000000003,66.1,67.8,-1.7000000000000028
2021,Utah St.,Texas Tech,53,65,0,104.4,111.5,-7.099999999999994,89.0,91.4,-2.4000000000000057,69.9,66.6,3.3000000000000114
2021,Winthrop,Villanova,63,73,0,104.8,118.5,-13.700000000000003,96.0,97.2,-1.2000000000000028,74.7,65.9,8.799999999999997
2021,Morehead St.,West Virginia,67,84,0,98.1,115.0,-16.900000000000006,96.1,94.9,1.1999999999999886,66.5,70.5,-4.0
2021,Iona,Alabama,55,68,0,100.7,110.7,-10.0,98.8,88.6,10.200000000000003,69.3,74.8,-5.5
2021,UCLA,BYU,73,62,1,114.2,111.5,2.700000000000003,96.2,92.6,3.6000000000000085,65.5,69.1,-3.5999999999999943
2021,Georgetown,Colorado,73,96,0,107.2,115.4,-8.200000000000003,93.7,91.7,2.0,70.6,67.2,3.3999999999999915
2021,Maryland,Connecticut,63,54,1,110.1,113.9,-3.8000000000000114,94.2,92.3,1.9000000000000057,66.3,66.6,-0.29999999999999716
2021,UC Santa Barbara,Creighton,62,63,0,108.1,114.2,-6.1000000000000085,96.2,94.1,2.1000000000000085,66.6,70.0,-3.4000000000000057
2021,UNC Greensboro,Florida St.,54,64,0,101.6,117.2,-15.600000000000009,97.4,93.7,3.700000000000003,69.2,71.2,-2.0
2021,Norfolk St.,Gonzaga,55,98,0,99.0,125.3,-26.299999999999997,103.9,89.6,14.300000000000011,68.7,75.4,-6.700000000000003
2021,Grand Canyon,Iowa,74,86,0,103.6,123.7,-20.10000000000001,95.5,96.5,-1.0,66.2,70.9,-4.700000000000003
2021,Eastern Washington,Kansas,84,93,0,107.9,108.7,-0.7999999999999972,99.7,90.2,9.5,73.1,69.2,3.8999999999999915
2021,St. Bonaventure,LSU,61,76,0,110.1,118.9,-8.800000000000011,91.9,99.8,-7.8999999999999915,65.5,71.4,-5.900000000000006
2021,Texas Southern,Michigan,66,82,0,97.9,117.7,-19.799999999999997,103.2,90.8,12.400000000000006,72.5,67.8,4.700000000000003
2021,Missouri,Oklahoma,68,72,0,110.7,111.1,-0.3999999999999915,94.3,94.7,-0.4000000000000057,69.5,68.5,1.0
2021,Abilene Christian,Texas,53,52,1,100.9,113.5,-12.599999999999994,92.6,92.8,-0.20000000000000284,70.8,70.0,0.7999999999999972
2021,Drake,USC,56,72,0,112.2,113.3,-1.0999999999999943,100.2,90.2,10.0,67.6,68.1,-0.5
2021,Ohio,Virginia,62,58,1,111.8,114.9,-3.1000000000000085,101.0,93.9,7.099999999999994,70.3,60.9,9.399999999999999
2021,Texas Tech,Arkansas,66,68,0,111.5,110.0,1.5,91.4,91.3,0.10000000000000853,66.6,74.0,-7.400000000000006
2021,Wisconsin,Baylor,63,76,0,111.5,123.3,-11.799999999999997,90.3,93.5,-3.200000000000003,65.9,69.6,-3.6999999999999886
2021,Oral Roberts,Florida,81,78,1,107.5,110.4,-2.9000000000000057,106.7,93.4,13.299999999999997,72.3,69.5,2.799999999999997
2021,Rutgers,Houston,60,63,0,106.6,119.0,-12.400000000000006,91.9,89.4,2.5,68.7,65.9,2.799999999999997
2021,Loyola Chicago,Illinois,71,58,1,109.0,117.4,-8.400000000000006,88.2,90.8,-2.5999999999999943,64.8,71.6,-6.799999999999997
2021,Oregon St.,Oklahoma St.,80,70,1,109.1,109.1,0.0,98.4,92.3,6.1000000000000085,66.1,72.7,-6.6000000000000085
2021,North Texas,Villanova,61,84,0,103.7,118.5,-14.799999999999997,94.0,97.2,-3.200000000000003,64.2,65.9,-1.7000000000000028
2021,Syracuse,West Virginia,75,72,1,112.2,115.0,-2.799999999999997,97.3,94.9,2.3999999999999915,70.1,70.5,-0.4000000000000057
2021,Maryland,Alabama,77,96,0,110.1,110.7,-0.6000000000000085,94.2,88.6,5.6000000000000085,66.3,74.8,-8.5
2021,Ohio,Creighton,58,72,0,111.8,114.2,-2.4000000000000057,101.0,94.1,6.900000000000006,70.3,70.0,0.29999999999999716
2021,Colorado,Florida St.,53,71,0,115.4,117.2,-1.7999999999999972,91.7,93.7,-2.0,67.2,71.2,-4.0
2021,Oklahoma,Gonzaga,71,87,0,111.1,125.3,-14.200000000000003,94.7,89.6,5.1000000000000085,68.5,75.4,-6.900000000000006
2021,Oregon,Iowa,95,80,1,114.1,123.7,-9.600000000000009,96.1,96.5,-0.4000000000000057,68.1,70.9,-2.8000000000000114
2021,USC,Kansas,85,51,1,113.3,108.7,4.599999999999994,90.2,90.2,0.0,68.1,69.2,-1.1000000000000085
2021,LSU,Michigan,78,86,0,118.9,117.7,1.2000000000000028,99.8,90.8,9.0,71.4,67.8,3.6000000000000085
2021,Abilene Christian,UCLA,47,67,0,100.9,114.2,-13.299999999999997,92.6,96.2,-3.6000000000000085,70.8,65.5,5.299999999999997
2021,Oral Roberts,Arkansas,70,72,0,107.5,110.0,-2.5,106.7,91.3,15.400000000000006,72.3,74.0,-1.7000000000000028
2021,Villanova,Baylor,51,62,0,118.5,123.3,-4.799999999999997,97.2,93.5,3.700000000000003,65.9,69.6,-3.6999999999999886
2021,Syracuse,Houston,46,62,0,112.2,119.0,-6.799999999999997,97.3,89.4,7.8999999999999915,70.1,65.9,4.199999999999989
2021,Oregon St.,Loyola Chicago,65,58,1,109.1,109.0,0.09999999999999432,98.4,88.2,10.200000000000003,66.1,64.8,1.2999999999999972
2021,UCLA,Alabama,88,78,1,114.2,110.7,3.5,96.2,88.6,7.6000000000000085,65.5,74.8,-9.299999999999997
2021,Creighton,Gonzaga,65,83,0,114.2,125.3,-11.099999999999994,94.1,89.6,4.5,70.0,75.4,-5.400000000000006
2021,Florida St.,Michigan,58,76,0,117.2,117.7,-0.5,93.7,90.8,2.9000000000000057,71.2,67.8,3.4000000000000057
2021,Oregon,USC,68,82,0,114.1,113.3,0.7999999999999972,96.1,90.2,5.8999999999999915,68.1,68.1,0.0
2021,Arkansas,Baylor,72,81,0,110.0,123.3,-13.299999999999997,91.3,93.5,-2.200000000000003,74.0,69.6,4.400000000000006
2021,Oregon St.,Houston,61,67,0,109.1,119.0,-9.900000000000006,98.4,89.4,9.0,66.1,65.9,0.19999999999998863
2021,USC,Gonzaga,66,85,0,113.3,125.3,-12.0,90.2,89.6,0.6000000000000085,68.1,75.4,-7.300000000000011
2021,UCLA,Michigan,51,49,1,114.2,117.7,-3.5,96.2,90.8,5.400000000000006,65.5,67.8,-2.299999999999997
2021,Houston,Baylor,59,78,0,119.0,123.3,-4.299999999999997,89.4,93.5,-4.099999999999994,65.9,69.6,-3.6999999999999886
2021,UCLA,Gonzaga,90,93,0,114.2,125.3,-11.099999999999994,96.2,89.6,6.6000000000000085,65.5,75.4,-9.900000000000006
2021,Baylor,Gonzaga,86,70,1,123.3,125.3,-2.0,93.5,89.6,3.9000000000000057,69.6,75.4,-5.800000000000011
2022,Texas A&M Corpus Chris,Texas Southern,67,76,0,96.4,96.9,-0.5,102.9,98.6,4.300000000000011,70.0,68.7,1.2999999999999972
2022,Indiana,Wyoming,66,58,1,108.0,108.7,-0.7000000000000028,90.5,97.5,-7.0,68.2,66.8,1.4000000000000057
2022,Notre Dame,Rutgers,89,87,1,111.9,104.6,7.300000000000011,97.1,95.6,1.5,66.6,66.1,0.5
2022,Bryant,Wright St.,82,93,0,102.7,104.2,-1.5,104.2,106.9,-2.700000000000003,73.1,69.6,3.5
2022,Vermont,Arkansas,71,75,0,108.6,109.4,-0.8000000000000114,97.4,92.0,5.400000000000006,65.9,71.7,-5.799999999999997
2022,Norfolk St.,Baylor,49,85,0,99.9,117.5,-17.599999999999994,102.0,90.7,11.299999999999997,68.2,68.6,-0.3999999999999915
2022,Memphis,Boise St.,64,53,1,110.4,106.9,3.5,93.2,91.9,1.2999999999999972,71.5,65.7,5.799999999999997
2022,Michigan,Colorado St.,75,63,1,113.9,112.5,1.4000000000000057,96.7,98.7,-2.0,67.2,66.4,0.7999999999999972
2022,New Mexico St.,Connecticut,70,63,1,106.0,112.6,-6.599999999999994,97.5,94.8,2.700000000000003,67.3,66.2,1.0999999999999943
2022,Georgia St.,Gonzaga,72,93,0,100.8,120.9,-20.10000000000001,99.4,88.5,10.900000000000006,68.2,73.8,-5.599999999999994
2022,Richmond,Iowa,67,63,1,107.7,121.0,-13.299999999999997,99.4,97.8,1.6000000000000085,67.8,70.8,-3.0
2022,Texas Southern,Kansas,56,83,0,96.9,120.2,-23.299999999999997,98.6,92.9,5.699999999999989,68.7,70.1,-1.3999999999999915
2022,Saint Peter's,Kentucky,85,79,1,97.6,119.1,-21.5,94.1,93.9,0.19999999999998863,66.8,68.8,-2.0
2022,San Francisco,Murray St.,87,92,0,109.4,109.6,-0.19999999999998863,92.2,95.0,-2.799999999999997,69.9,67.0,2.9000000000000057
2022,Marquette,North Carolina,63,95,0,107.9,112.8,-4.8999999999999915,95.4,95.9,-0.5,72.2,71.2,1.0
2022,South Dakota St.,Providence,57,66,0,115.0,111.6,3.4000000000000057,104.0,96.9,7.099999999999994,70.7,66.5,4.200000000000003
2022,Indiana,Saint Mary's,53,82,0,108.0,107.8,0.20000000000000284,90.5,90.1,0.4000000000000057,68.2,64.8,3.4000000000000057
2022,Creighton,San Diego St.,72,69,1,104.2,101.4,2.799999999999997,92.3,86.4,5.8999999999999915,67.9,66.2,1.7000000000000028
2022,Longwood,Tennessee,56,88,0,104.7,110.1,-5.3999999999999915,103.5,86.9,16.599999999999994,67.3,68.3,-1.0
2022,Akron,UCLA,53,57,0,104.8,115.1,-10.299999999999997,102.7,91.6,11.100000000000009,63.0,66.8,-3.799999999999997
2022,Notre Dame,Alabama,78,64,1,111.9,115.9,-4.0,97.1,98.1,-1.0,66.6,72.8,-6.200000000000003
2022,Wright St.,Arizona,70,87,0,104.2,118.0,-13.799999999999997,106.9,92.4,14.5,69.6,73.4,-3.8000000000000114
2022,Jacksonville St.,Auburn,61,80,0,104.0,112.7,-8.700000000000003,101.7,89.6,12.100000000000009,66.2,71.0,-4.799999999999997
2022,Cal St. Fullerton,Duke,61,78,0,102.0,120.4,-18.400000000000006,103.2,94.4,8.799999999999997,67.1,68.7,-1.6000000000000085
2022,UAB,Houston,68,82,0,111.1,117.1,-6.0,98.1,88.9,9.199999999999989,69.9,65.1,4.800000000000011
2022,Chattanooga,Illinois,53,54,0,108.4,113.6,-5.199999999999989,98.5,93.1,5.400000000000006,65.6,68.2,-2.6000000000000085
2022,Iowa St.,LSU,59,54,1,103.1,105.8,-2.700000000000003,88.7,88.1,0.6000000000000085,67.3,69.8,-2.5
2022,Davidson,Michigan St.,73,74,0,115.7,110.9,4.799999999999997,101.4,95.5,5.900000000000006,65.7,68.7,-3.0
2022,Loyola Chicago,Ohio St.,41,54,0,109.1,116.3,-7.200000000000003,93.9,99.5,-5.599999999999994,65.6,66.2,-0.6000000000000085
2022,Yale,Purdue,56,78,0,99.8,122.6,-22.799999999999997,98.4,97.5,0.9000000000000057,69.8,66.8,3.0
2022,TCU,Seton Hall,69,42,1,107.4,106.8,0.6000000000000085,92.9,93.3,-0.3999999999999915,66.9,68.6,-1.6999999999999886
2022,Virginia Tech,Texas,73,81,0,114.7,111.5,3.200000000000003,94.9,90.5,4.400000000000006,64.1,64.1,0.0
2022,Montana St.,Texas Tech,62,97,0,103.0,109.1,-6.099999999999994,100.8,85.5,15.299999999999997,68.0,67.4,0.5999999999999943
2022,Miami FL,USC,68,66,1,114.3,109.3,5.0,100.6,96.0,4.599999999999994,68.5,67.1,1.4000000000000057
2022,Delaware,Villanova,60,80,0,106.8,117.1,-10.299999999999997,103.2,93.0,10.200000000000003,67.6,63.6,3.999999999999993
2022,Colgate,Wisconsin,60,67,0,106.4,110.1,-3.6999999999999886,103.6,93.8,9.799999999999997,68.2,67.5,0.7000000000000028
2022,New Mexico St.,Arkansas,48,53,0,106.0,109.4,-3.4000000000000057,97.5,92.0,5.5,67.3,71.7,-4.400000000000006
2022,North Carolina,Baylor,93,86,1,112.8,117.5,-4.700000000000003,95.9,90.7,5.200000000000003,71.2,68.6,2.6000000000000085
2022,Memphis,Gonzaga,78,82,0,110.4,120.9,-10.5,93.2,88.5,4.700000000000003,71.5,73.8,-2.299999999999997
2022,Creighton,Kansas,72,79,0,104.2,120.2,-16.0,92.3,92.9,-0.6000000000000085,67.9,70.1,-2.1999999999999886
2022,Saint Peter's,Murray St.,70,60,1,97.6,109.6,-12.0,94.1,95.0,-0.9000000000000057,66.8,67.0,-0.20000000000000284
2022,Richmond,Providence,51,79,0,107.7,111.6,-3.8999999999999915,99.4,96.9,2.5,67.8,66.5,1.2999999999999972
2022,Michigan,Tennessee,76,68,1,113.9,110.1,3.8000000000000114,96.7,86.9,9.799999999999997,67.2,68.3,-1.0999999999999943
2022,Saint Mary's,UCLA,56,72,0,107.8,115.1,-7.299999999999997,90.1,91.6,-1.5,64.8,66.8,-2.0
2022,TCU,Arizona,80,85,0,107.4,118.0,-10.599999999999994,92.9,92.4,0.5,66.9,73.4,-6.5
2022,Miami FL,Auburn,79,61,1,114.3,112.7,1.5999999999999943,100.6,89.6,11.0,68.5,71.0,-2.5
2022,Michigan St.,Duke,76,85,0,110.9,120.4,-9.5,95.5,94.4,1.0999999999999943,68.7,68.7,0.0
2022,Houston,Illinois,68,53,1,117.1,113.6,3.5,88.9,93.1,-4.199999999999989,65.1,68.2,-3.1000000000000085
2022,Texas,Purdue,71,81,0,111.5,122.6,-11.099999999999994,90.5,97.5,-7.0,64.1,66.8,-2.700000000000003
2022,Notre Dame,Texas Tech,53,59,0,111.9,109.1,2.8000000000000114,97.1,85.5,11.599999999999994,66.6,67.4,-0.8000000000000114
2022,Ohio St.,Villanova,61,71,0,116.3,117.1,-0.7999999999999972,99.5,93.0,6.5,66.2,63.6,2.6000000000000014
2022,Iowa St.,Wisconsin,54,49,1,103.1,110.1,-7.0,88.7,93.8,-5.099999999999994,67.3,67.5,-0.20000000000000284
2022,Houston,Arizona,72,60,1,117.1,118.0,-0.9000000000000057,88.9,92.4,-3.5,65.1,73.4,-8.300000000000011
2022,Texas Tech,Duke,73,78,0,109.1,120.4,-11.300000000000011,85.5,94.4,-8.900000000000006,67.4,68.7,-1.2999999999999972
2022,Arkansas,Gonzaga,74,68,1,109.4,120.9,-11.5,92.0,88.5,3.5,71.7,73.8,-2.0999999999999943
2022,Michigan,Villanova,55,63,0,113.9,117.1,-3.1999999999999886,96.7,93.0,3.700000000000003,67.2,63.6,3.6000000000000014
2022,Providence,Kansas,61,66,0,111.6,120.2,-8.600000000000009,96.9,92.9,4.0,66.5,70.1,-3.5999999999999943
2022,Iowa St.,Miami FL,56,70,0,103.1,114.3,-11.200000000000003,88.7,100.6,-11.899999999999991,67.3,68.5,-1.2000000000000028
2022,Saint Peter's,Purdue,67,64,1,97.6,122.6,-25.0,94.1,97.5,-3.4000000000000057,66.8,66.8,0.0
2022,North Carolina,UCLA,73,66,1,112.8,115.1,-2.299999999999997,95.9,91.6,4.300000000000011,71.2,66.8,4.400000000000006
2022,Arkansas,Duke,69,78,0,109.4,120.4,-11.0,92.0,94.4,-2.4000000000000057,71.7,68.7,3.0
2022,Houston,Villanova,44,50,0,117.1,117.1,0.0,88.9,93.0,-4.099999999999994,65.1,63.6,1.499999999999993
2022,Miami FL,Kansas,50,76,0,114.3,120.2,-5.900000000000006,100.6,92.9,7.699999999999989,68.5,70.1,-1.5999999999999943
2022,Saint Peter's,North Carolina,49,69,0,97.6,112.8,-15.200000000000003,94.1,95.9,-1.8000000000000114,66.8,71.2,-4.400000000000006
2022,North Carolina,Duke,81,77,1,112.8,120.4,-7.6000000000000085,95.9,94.4,1.5,71.2,68.7,2.5
2022,Villanova,Kansas,65,81,0,117.1,120.2,-3.1000000000000085,93.0,92.9,0.09999999999999432,63.6,70.1,-6.499999999999993
2022,North Carolina,Kansas,69,72,0,112.8,120.2,-7.400000000000006,95.9,92.9,3.0,71.2,70.1,1.1000000000000085
2023,Pittsburgh,Mississippi St.,60,59,1,112.5,102.4,10.099999999999994,101.5,90.8,10.700000000000003,68.1,64.5,3.5999999999999943
2023,Southeast Missouri St.,Texas A&M Corpus Chris,71,75,0,98.7,104.4,-5.700000000000003,106.9,106.2,0.7000000000000028,72.9,69.9,3.0
2023,Nevada,Arizona St.,73,98,0,108.8,105.8,3.0,96.7,93.8,2.9000000000000057,66.7,69.1,-2.3999999999999915
2023,Fairleigh Dickinson,Texas Southern,84,61,1,104.6,94.8,9.799999999999997,117.0,104.3,12.700000000000003,69.5,70.1,-0.5999999999999943
2023,Texas A&M Corpus Chris,Alabama,75,96,0,104.4,115.4,-11.0,106.2,88.3,17.900000000000006,69.9,73.5,-3.5999999999999943
2023,Princeton,Arizona,59,55,1,107.6,119.7,-12.100000000000009,101.6,95.4,6.199999999999989,68.1,73.2,-5.1000000000000085
2023,Illinois,Arkansas,63,73,0,109.0,110.7,-1.7000000000000028,94.4,92.0,2.4000000000000057,70.5,70.4,0.09999999999999432
2023,Oral Roberts,Duke,51,74,0,111.9,111.9,0.0,101.2,93.1,8.100000000000009,71.2,65.9,5.299999999999997
2023,Northern Kentucky,Houston,52,63,0,101.1,117.1,-16.0,101.1,88.0,13.099999999999994,62.6,64.0,-1.3999999999999986
2023,Auburn,Iowa,83,75,1,110.9,118.9,-8.0,93.2,102.7,-9.5,68.4,70.4,-2.0
2023,Howard,Kansas,68,96,0,100.9,112.9,-12.0,105.7,91.5,14.200000000000003,69.7,69.9,-0.20000000000000284
2023,West Virginia,Maryland,65,67,0,116.1,111.5,4.599999999999994,96.4,95.0,1.4000000000000057,69.4,65.4,4.0
2023,Utah St.,Missouri,65,76,0,115.5,117.5,-2.0,98.0,103.8,-5.799999999999997,69.5,70.0,-0.5
2023,Boise St.,Northwestern,67,75,0,108.2,106.6,1.6000000000000085,92.9,91.7,1.2000000000000028,67.3,65.6,1.7000000000000028
2023,Charleston,San Diego St.,57,63,0,109.2,111.3,-2.0999999999999943,97.7,90.1,7.6000000000000085,71.8,66.8,5.0
2023,Louisiana,Tennessee,55,58,0,110.8,111.1,-0.29999999999999716,102.3,86.2,16.099999999999994,69.2,66.3,2.9000000000000057
2023,Colgate,Texas,61,81,0,111.7,114.6,-2.8999999999999915,105.8,91.6,14.200000000000003,68.4,69.5,-1.0999999999999943
2023,Penn St.,Texas A&M,76,59,1,115.4,113.2,2.200000000000003,99.9,94.8,5.1000000000000085,65.3,67.0,-1.7000000000000028
2023,UNC Asheville,UCLA,53,86,0,101.2,113.2,-12.0,102.4,87.4,15.0,69.1,67.0,2.0999999999999943
2023,Furman,Virginia,68,67,1,111.9,110.4,1.5,104.1,93.5,10.599999999999994,69.1,62.1,6.999999999999993
2023,UC Santa Barbara,Baylor,56,74,0,108.7,120.9,-12.200000000000003,104.0,99.5,4.5,65.4,67.7,-2.299999999999997
2023,Iona,Connecticut,63,87,0,108.8,118.9,-10.100000000000009,97.0,92.5,4.5,69.5,67.7,1.7999999999999972
2023,N.C. State,Creighton,63,72,0,113.0,113.8,-0.7999999999999972,97.8,92.8,5.0,70.1,68.6,1.5
2023,Grand Canyon,Gonzaga,70,82,0,109.8,122.6,-12.799999999999997,104.5,98.6,5.900000000000006,65.7,70.7,-5.0
2023,Kent St.,Indiana,60,71,0,106.1,112.5,-6.400000000000006,95.1,95.8,-0.7000000000000028,68.8,68.9,-0.10000000000000853
2023,Pittsburgh,Iowa St.,59,41,1,112.5,108.2,4.299999999999997,101.5,90.0,11.5,68.1,64.9,3.1999999999999886
2023,Montana St.,Kansas St.,65,77,0,104.1,110.3,-6.200000000000003,97.0,93.1,3.9000000000000057,67.1,70.7,-3.6000000000000085
2023,Providence,Kentucky,53,61,0,114.9,114.7,0.20000000000000284,100.4,97.8,2.6000000000000085,67.7,66.7,1.0
2023,Vermont,Marquette,61,78,0,107.9,119.0,-11.099999999999994,101.2,96.0,5.200000000000003,65.4,69.3,-3.8999999999999915
2023,Florida Atlantic,Memphis,66,65,1,112.2,113.9,-1.7000000000000028,94.8,94.2,0.5999999999999943,68.9,72.2,-3.299999999999997
2023,Drake,Miami FL,56,63,0,107.9,117.3,-9.399999999999991,96.1,101.4,-5.300000000000011,67.1,69.5,-2.4000000000000057
2023,USC,Michigan St.,62,72,0,110.8,111.6,-0.7999999999999972,96.4,95.0,1.4000000000000057,68.9,65.6,3.3000000000000114
2023,Fairleigh Dickinson,Purdue,63,58,1,104.6,118.5,-13.900000000000006,117.0,92.6,24.400000000000006,69.5,64.8,4.700000000000003
2023,VCU,Saint Mary's,51,63,0,104.2,111.7,-7.5,93.1,89.1,4.0,68.8,62.8,6.0
2023,Arizona St.,TCU,70,72,0,105.8,110.4,-4.6000000000000085,93.8,93.4,0.3999999999999915,69.1,70.6,-1.5
2023,Kennesaw St.,Xavier,67,72,0,105.0,118.6,-13.599999999999994,100.5,98.4,2.0999999999999943,69.3,71.2,-1.9000000000000057
2023,Maryland,Alabama,51,73,0,111.5,115.4,-3.9000000000000057,95.0,88.3,6.700000000000003,65.4,73.5,-8.099999999999994
2023,Auburn,Houston,64,81,0,110.9,117.1,-6.199999999999989,93.2,88.0,5.200000000000003,68.4,64.0,4.400000000000006
2023,Arkansas,Kansas,72,71,1,110.7,112.9,-2.200000000000003,92.0,91.5,0.5,70.4,69.9,0.5
2023,Princeton,Missouri,78,63,1,107.6,117.5,-9.900000000000006,101.6,103.8,-2.200000000000003,68.1,70.0,-1.9000000000000057
2023,Furman,San Diego St.,52,75,0,111.9,111.3,0.6000000000000085,104.1,90.1,14.0,69.1,66.8,2.299999999999997
2023,Duke,Tennessee,52,65,0,111.9,111.1,0.8000000000000114,93.1,86.2,6.8999999999999915,65.9,66.3,-0.3999999999999915
2023,Penn St.,Texas,66,71,0,115.4,114.6,0.8000000000000114,99.9,91.6,8.300000000000011,65.3,69.5,-4.200000000000003
2023,Northwestern,UCLA,63,68,0,106.6,113.2,-6.6000000000000085,91.7,87.4,4.299999999999997,65.6,67.0,-1.4000000000000057
2023,Creighton,Baylor,85,76,1,113.8,120.9,-7.1000000000000085,92.8,99.5,-6.700000000000003,68.6,67.7,0.8999999999999915
2023,Saint Mary's,Connecticut,55,70,0,111.7,118.9,-7.200000000000003,89.1,92.5,-3.4000000000000057,62.8,67.7,-4.900000000000006
2023,Fairleigh Dickinson,Florida Atlantic,70,78,0,104.6,112.2,-7.6000000000000085,117.0,94.8,22.200000000000003,69.5,68.9,0.5999999999999943
2023,TCU,Gonzaga,81,84,0,110.4,122.6,-12.199999999999989,93.4,98.6,-5.199999999999989,70.6,70.7,-0.10000000000000853
2023,Miami FL,Indiana,85,69,1,117.3,112.5,4.799999999999997,101.4,95.8,5.6000000000000085,69.5,68.9,0.5999999999999943
2023,Kentucky,Kansas St.,69,75,0,114.7,110.3,4.400000000000006,97.8,93.1,4.700000000000003,66.7,70.7,-4.0
2023,Michigan St.,Marquette,69,60,1,111.6,119.0,-7.400000000000006,95.0,96.0,-1.0,65.6,69.3,-3.700000000000003
2023,Pittsburgh,Xavier,73,84,0,112.5,118.6,-6.099999999999994,101.5,98.4,3.0999999999999943,68.1,71.2,-3.1000000000000085
2023,Arkansas,Connecticut,65,88,0,110.7,118.9,-8.200000000000003,92.0,92.5,-0.5,70.4,67.7,2.700000000000003
2023,Michigan St.,Kansas St.,93,98,0,111.6,110.3,1.2999999999999972,95.0,93.1,1.9000000000000057,65.6,70.7,-5.1000000000000085
2023,Florida Atlantic,Tennessee,62,55,1,112.2,111.1,1.1000000000000085,94.8,86.2,8.599999999999994,68.9,66.3,2.6000000000000085
2023,Gonzaga,UCLA,79,76,1,122.6,113.2,9.399999999999991,98.6,87.4,11.199999999999989,70.7,67.0,3.700000000000003
2023,San Diego St.,Alabama,71,64,1,111.3,115.4,-4.1000000000000085,90.1,88.3,1.7999999999999972,66.8,73.5,-6.700000000000003
2023,Princeton,Creighton,75,86,0,107.6,113.8,-6.200000000000003,101.6,92.8,8.799999999999997,68.1,68.6,-0.5
2023,Miami FL,Houston,89,75,1,117.3,117.1,0.20000000000000284,101.4,88.0,13.400000000000006,69.5,64.0,5.5
2023,Xavier,Texas,71,83,0,118.6,114.6,4.0,98.4,91.6,6.800000000000011,71.2,69.5,1.7000000000000028
2023,Connecticut,Gonzaga,82,54,1,118.9,122.6,-3.6999999999999886,92.5,98.6,-6.099999999999994,67.7,70.7,-3.0
2023,Florida Atlantic,Kansas St.,79,76,1,112.2,110.3,1.9000000000000057,94.8,93.1,1.7000000000000028,68.9,70.7,-1.7999999999999972
2023,Creighton,San Diego St.,56,57,0,113.8,111.3,2.5,92.8,90.1,2.700000000000003,68.6,66.8,1.7999999999999972
2023,Miami FL,Texas,88,81,1,117.3,114.6,2.700000000000003,101.4,91.6,9.800000000000011,69.5,69.5,0.0
2023,Miami FL,Connecticut,59,72,0,117.3,118.9,-1.6000000000000085,101.4,92.5,8.900000000000006,69.5,67.7,1.7999999999999972
2023,Florida Atlantic,San Diego St.,71,72,0,112.2,111.3,0.9000000000000057,94.8,90.1,4.700000000000003,68.9,66.8,2.1000000000000085
2023,San Diego St.,Connecticut,59,76,0,111.3,118.9,-7.6000000000000085,90.1,92.5,-2.4000000000000057,66.8,67.7,-0.9000000000000057
2024,Wagner,Howard,71,68,1,95.2,104.8,-9.599999999999994,105.4,113.0,-7.599999999999994,62.3,68.7,-6.400000000000006
2024,Colorado St.,Virginia,67,42,1,114.5,105.1,9.400000000000006,98.7,91.7,7.0,66.9,61.0,5.900000000000006
2024,Colorado,Boise St.,60,53,1,117.4,113.5,3.9000000000000057,98.2,97.7,0.5,68.7,67.6,1.1000000000000085
2024,Grambling St.,Montana St.,88,81,1,97.4,102.7,-5.299999999999997,106.3,106.4,-0.10000000000000853,65.9,69.5,-3.5999999999999943
2024,Long Beach St.,Arizona,65,85,0,105.2,121.6,-16.39999999999999,107.9,93.3,14.600000000000009,72.4,73.1,-0.6999999999999886
2024,Duquesne,BYU,71,67,1,106.9,120.2,-13.299999999999997,97.2,98.5,-1.2999999999999972,67.2,70.0,-2.799999999999997
2024,Akron,Creighton,60,77,0,105.7,120.4,-14.700000000000003,101.9,96.3,5.6000000000000085,66.7,67.9,-1.2000000000000028
2024,Nevada,Dayton,60,63,0,114.3,117.8,-3.5,98.1,100.7,-2.6000000000000085,67.7,65.0,2.700000000000003
2024,McNeese St.,Gonzaga,65,86,0,111.7,120.6,-8.899999999999991,101.7,98.3,3.4000000000000057,66.3,70.1,-3.799999999999997
2024,Morehead St.,Illinois,69,85,0,106.7,124.3,-17.599999999999994,103.4,100.7,2.700000000000003,65.3,70.8,-5.5
2024,South Dakota St.,Iowa St.,65,82,0,107.7,113.4,-5.700000000000003,105.2,87.5,17.700000000000003,68.9,68.5,0.4000000000000057
2024,Samford,Kansas,89,93,0,112.2,113.9,-1.7000000000000028,102.6,93.3,9.299999999999997,73.6,69.9,3.6999999999999886
2024,Oakland,Kentucky,80,76,1,108.2,122.5,-14.299999999999997,105.1,101.9,3.1999999999999886,67.7,73.5,-5.799999999999997
2024,Michigan St.,Mississippi St.,69,51,1,113.6,112.3,1.2999999999999972,93.5,94.7,-1.2000000000000028,66.3,68.1,-1.7999999999999972
2024,Wagner,North Carolina,62,90,0,95.2,117.8,-22.599999999999994,105.4,93.3,12.100000000000009,62.3,71.4,-9.100000000000009
2024,Oregon,South Carolina,87,73,1,113.6,114.4,-0.8000000000000114,100.0,99.2,0.7999999999999972,68.1,64.0,4.099999999999994
2024,Saint Peter's,Tennessee,49,83,0,97.2,115.4,-18.200000000000003,100.7,91.1,9.600000000000009,65.0,70.2,-5.200000000000003
2024,Colorado St.,Texas,44,56,0,114.5,118.1,-3.5999999999999943,98.7,98.4,0.29999999999999716,66.9,68.2,-1.2999999999999972
2024,N.C. State,Texas Tech,80,67,1,113.6,117.2,-3.6000000000000085,100.7,99.1,1.6000000000000085,68.9,67.4,1.5
2024,Drake,Washington St.,61,66,0,114.6,112.6,2.0,100.2,97.0,3.200000000000003,68.8,65.9,2.8999999999999915
2024,Charleston,Alabama,96,109,0,112.9,125.6,-12.699999999999989,105.5,101.4,4.099999999999994,71.0,73.5,-2.5
2024,Yale,Auburn,78,76,1,109.7,120.5,-10.799999999999997,100.4,92.1,8.300000000000011,65.6,70.8,-5.200000000000003
2024,Colgate,Baylor,67,92,0,102.3,122.2,-19.900000000000006,102.5,100.5,2.0,67.2,66.7,0.5
2024,New Mexico,Clemson,56,77,0,114.6,117.2,-2.6000000000000085,95.5,99.2,-3.700000000000003,73.7,67.2,6.5
2024,Stetson,Connecticut,52,91,0,108.4,126.8,-18.39999999999999,114.1,94.1,20.0,66.9,65.6,1.3000000000000114
2024,Vermont,Duke,47,64,0,105.4,120.7,-15.299999999999997,99.8,96.9,2.8999999999999915,64.3,67.9,-3.6000000000000085
2024,Colorado,Florida,102,100,1,117.4,119.3,-1.8999999999999915,98.2,99.4,-1.2000000000000028,68.7,72.6,-3.8999999999999915
2024,Northwestern,Florida Atlantic,77,65,1,116.3,117.6,-1.2999999999999972,99.7,102.5,-2.799999999999997,64.7,68.9,-4.200000000000003
2024,Longwood,Houston,46,86,0,103.6,118.5,-14.900000000000006,104.2,85.3,18.900000000000006,67.8,64.3,3.5
2024,Western Kentucky,Marquette,69,87,0,104.5,118.7,-14.200000000000003,101.3,94.3,7.0,76.0,70.1,5.900000000000006
2024,Texas A&M,Nebraska,98,83,1,115.1,115.9,-0.8000000000000114,99.7,96.9,2.799999999999997,66.6,69.6,-3.0
2024,Grambling St.,Purdue,50,78,0,97.4,126.1,-28.69999999999999,106.3,94.3,12.0,65.9,68.6,-2.6999999999999886
2024,Grand Canyon,Saint Mary's,75,66,1,111.5,115.1,-3.5999999999999943,99.9,93.4,6.5,69.0,63.1,5.899999999999999
2024,UAB,San Diego St.,65,69,0,112.4,111.8,0.6000000000000085,106.9,94.4,12.5,68.7,67.1,1.6000000000000085
2024,TCU,Utah St.,72,88,0,114.3,114.1,0.20000000000000284,97.9,100.3,-2.3999999999999915,70.9,69.5,1.4000000000000057
2024,James Madison,Wisconsin,72,61,1,112.0,120.0,-8.0,100.7,99.0,1.7000000000000028,70.8,66.0,4.799999999999997
2024,Dayton,Arizona,68,78,0,117.8,121.6,-3.799999999999997,100.7,93.3,7.400000000000006,65.0,73.1,-8.099999999999994
2024,Oregon,Creighton,73,86,0,113.6,120.4,-6.800000000000011,100.0,96.3,3.700000000000003,68.1,67.9,0.19999999999998863
2024,Duquesne,Illinois,63,89,0,106.9,124.3,-17.39999999999999,97.2,100.7,-3.5,67.2,70.8,-3.5999999999999943
2024,Washington St.,Iowa St.,56,67,0,112.6,113.4,-0.8000000000000114,97.0,87.5,9.5,65.9,68.5,-2.5999999999999943
2024,Gonzaga,Kansas,89,68,1,120.6,113.9,6.699999999999989,98.3,93.3,5.0,70.1,69.9,0.19999999999998863
2024,Oakland,N.C. State,73,79,0,108.2,113.6,-5.3999999999999915,105.1,100.7,4.3999999999999915,67.7,68.9,-1.2000000000000028
2024,Michigan St.,North Carolina,69,85,0,113.6,117.8,-4.200000000000003,93.5,93.3,0.20000000000000284,66.3,71.4,-5.1000000000000085
2024,Texas,Tennessee,58,62,0,118.1,115.4,2.6999999999999886,98.4,91.1,7.300000000000011,68.2,70.2,-2.0
2024,Grand Canyon,Alabama,61,72,0,111.5,125.6,-14.099999999999994,99.9,101.4,-1.5,69.0,73.5,-4.5
2024,Clemson,Baylor,72,64,1,117.2,122.2,-5.0,99.2,100.5,-1.2999999999999972,67.2,66.7,0.5
2024,Northwestern,Connecticut,58,75,0,116.3,126.8,-10.5,99.7,94.1,5.6000000000000085,64.7,65.6,-0.8999999999999915
2024,James Madison,Duke,55,93,0,112.0,120.7,-8.700000000000003,100.7,96.9,3.799999999999997,70.8,67.9,2.8999999999999915
2024,Texas A&M,Houston,95,100,0,115.1,118.5,-3.4000000000000057,99.7,85.3,14.400000000000006,66.6,64.3,2.299999999999997
2024,Colorado,Marquette,77,81,0,117.4,118.7,-1.2999999999999972,98.2,94.3,3.9000000000000057,68.7,70.1,-1.3999999999999915
2024,Utah St.,Purdue,67,106,0,114.1,126.1,-12.0,100.3,94.3,6.0,69.5,68.6,0.9000000000000057
2024,Yale,San Diego St.,57,85,0,109.7,111.8,-2.0999999999999943,100.4,94.4,6.0,65.6,67.1,-1.5
2024,Clemson,Arizona,77,72,1,117.2,121.6,-4.3999999999999915,99.2,93.3,5.900000000000006,67.2,73.1,-5.8999999999999915
2024,San Diego St.,Connecticut,52,82,0,111.8,126.8,-15.0,94.4,94.1,0.30000000000001137,67.1,65.6,1.5
2024,Illinois,Iowa St.,72,69,1,124.3,113.4,10.899999999999991,100.7,87.5,13.200000000000003,70.8,68.5,2.299999999999997
2024,Alabama,North Carolina,89,87,1,125.6,117.8,7.799999999999997,101.4,93.3,8.100000000000009,73.5,71.4,2.0999999999999943
2024,Duke,Houston,54,51,1,120.7,118.5,2.200000000000003,96.9,85.3,11.600000000000009,67.9,64.3,3.6000000000000085
2024,N.C. State,Marquette,67,58,1,113.6,118.7,-5.1000000000000085,100.7,94.3,6.400000000000006,68.9,70.1,-1.1999999999999886
2024,Gonzaga,Purdue,68,80,0,120.6,126.1,-5.5,98.3,94.3,4.0,70.1,68.6,1.5
2024,Creighton,Tennessee,75,82,0,120.4,115.4,5.0,96.3,91.1,5.200000000000003,67.9,70.2,-2.299999999999997
2024,Clemson,Alabama,82,89,0,117.2,125.6,-8.399999999999991,99.2,101.4,-2.200000000000003,67.2,73.5,-6.299999999999997
2024,Illinois,Connecticut,52,77,0,124.3,126.8,-2.5,100.7,94.1,6.6000000000000085,70.8,65.6,5.200000000000003
2024,N.C. State,Duke,76,64,1,113.6,120.7,-7.1000000000000085,100.7,96.9,3.799999999999997,68.9,67.9,1.0
2024,Tennessee,Purdue,66,72,0,115.4,126.1,-10.699999999999989,91.1,94.3,-3.200000000000003,70.2,68.6,1.6000000000000085
2024,Alabama,Connecticut,72,86,0,125.6,126.8,-1.2000000000000028,101.4,94.1,7.300000000000011,73.5,65.6,7.900000000000006
2024,N.C. State,Purdue,50,63,0,113.6,126.1,-12.5,100.7,94.3,6.400000000000006,68.9,68.6,0.30000000000001137
2024,Purdue,Connecticut,60,75,0,126.1,126.8,-0.7000000000000028,94.3,94.1,0.20000000000000284,68.6,65.6,3.0
2025,Saint Francis,Alabama St.,68,70,0,99.9,101.4,-1.5,111.9,110.6,1.3000000000000114,67.9,68.4,-0.5
2025,North Carolina,San Diego St.,95,68,1,118.0,108.8,9.200000000000003,100.0,94.1,5.900000000000006,71.3,66.6,4.700000000000003
2025,Mount St. Mary's,American,83,72,1,99.1,101.6,-2.5,107.3,108.0,-0.7000000000000028,68.1,64.2,3.8999999999999915
2025,Xavier,Texas,86,80,1,115.5,116.6,-1.0999999999999943,98.4,99.8,-1.3999999999999915,69.8,68.1,1.7000000000000028
2025,Alabama St.,Auburn,63,83,0,101.4,129.5,-28.099999999999994,110.6,93.3,17.299999999999997,68.4,68.6,-0.19999999999998863
2025,VCU,BYU,71,80,0,114.9,124.1,-9.199999999999989,96.1,99.0,-2.9000000000000057,66.9,67.9,-1.0
2025,McNeese,Clemson,69,67,1,113.8,117.7,-3.9000000000000057,99.6,95.7,3.8999999999999915,66.0,65.0,1.0
2025,Georgia,Gonzaga,68,89,0,115.3,123.3,-8.0,96.0,96.8,-0.7999999999999972,67.2,70.9,-3.700000000000003
2025,SIUE,Houston,40,78,0,101.1,124.3,-23.200000000000003,105.6,87.6,18.0,66.6,62.1,4.499999999999993
2025,Arkansas,Kansas,79,72,1,111.4,115.9,-4.5,95.7,92.5,3.200000000000003,70.0,69.0,1.0
2025,Creighton,Louisville,89,75,1,116.6,117.8,-1.2000000000000028,98.3,95.3,3.0,67.9,69.6,-1.6999999999999886
2025,UC San Diego,Michigan,65,68,0,112.3,116.5,-4.200000000000003,97.8,94.2,3.5999999999999943,66.5,70.3,-3.799999999999997
2025,Drake,Missouri,67,57,1,112.7,125.8,-13.099999999999994,98.3,100.9,-2.6000000000000085,59.4,68.9,-9.500000000000007
2025,High Point,Purdue,63,75,0,117.5,124.9,-7.400000000000006,108.8,99.3,9.5,67.2,65.8,1.4000000000000057
2025,Nebraska Omaha,St. John's,53,83,0,111.1,112.5,-1.4000000000000057,109.0,89.7,19.299999999999997,68.5,70.9,-2.4000000000000057
2025,Wofford,Tennessee,62,77,0,111.1,118.7,-7.6000000000000085,109.6,90.5,19.099999999999994,64.7,64.6,0.10000000000000853
2025,Yale,Texas A&M,71,80,0,114.1,115.4,-1.3000000000000114,103.8,93.6,10.200000000000003,68.0,66.9,1.0999999999999943
2025,UNC Wilmington,Texas Tech,72,82,0,111.8,125.6,-13.799999999999997,107.0,96.9,10.099999999999994,65.9,66.3,-0.3999999999999915
2025,Utah St.,UCLA,47,72,0,121.4,117.2,4.200000000000003,104.7,94.6,10.100000000000009,68.4,65.8,2.6000000000000085
2025,Montana,Wisconsin,66,85,0,110.8,122.6,-11.799999999999997,109.2,96.7,12.5,67.8,68.3,-0.5
2025,Robert Morris,Alabama,81,90,0,105.0,127.2,-22.200000000000003,104.8,96.3,8.5,68.7,75.4,-6.700000000000003
2025,Akron,Arizona,65,93,0,113.4,123.1,-9.699999999999989,106.3,96.3,10.0,71.9,70.6,1.3000000000000114
2025,Oklahoma,Connecticut,59,67,0,117.5,121.0,-3.5,101.3,102.2,-0.9000000000000057,69.2,64.6,4.6000000000000085
2025,Mount St. Mary's,Duke,49,93,0,99.1,127.2,-28.10000000000001,107.3,90.9,16.39999999999999,68.1,66.5,1.5999999999999943
2025,Norfolk St.,Florida,69,95,0,106.6,126.8,-20.200000000000003,108.8,94.2,14.599999999999994,67.1,70.3,-3.200000000000003
2025,Xavier,Illinois,73,86,0,115.5,122.0,-6.5,98.4,96.8,1.6000000000000085,69.8,72.1,-2.299999999999997
2025,Lipscomb,Iowa St.,55,82,0,110.0,119.2,-9.200000000000003,103.1,92.6,10.5,66.9,69.3,-2.3999999999999915
2025,Troy,Kentucky,57,76,0,106.6,123.9,-17.30000000000001,100.5,98.8,1.7000000000000028,66.9,71.6,-4.699999999999989
2025,New Mexico,Marquette,75,66,1,112.0,116.7,-4.700000000000003,95.6,96.1,-0.5,73.8,68.5,5.299999999999997
2025,Grand Canyon,Maryland,49,81,0,107.9,118.4,-10.5,99.7,92.1,7.6000000000000085,72.2,70.6,1.6000000000000085
2025,Colorado St.,Memphis,78,70,1,114.9,112.3,2.6000000000000085,99.0,98.8,0.20000000000000284,66.8,71.4,-4.6000000000000085
2025,Bryant,Michigan St.,62,87,0,106.0,117.2,-11.200000000000003,105.5,92.2,13.299999999999997,73.1,68.6,4.5
2025,North Carolina,Mississippi,64,71,0,118.0,117.0,1.0,100.0,96.5,3.5,71.3,68.8,2.5
2025,Baylor,Mississippi St.,75,72,1,120.6,118.4,2.1999999999999886,99.3,98.6,0.7000000000000028,65.4,68.7,-3.299999999999997
2025,Liberty,Oregon,52,81,0,112.5,115.5,-3.0,98.3,96.9,1.3999999999999915,66.1,68.5,-2.4000000000000057
2025,Vanderbilt,Saint Mary's,56,59,0,118.1,115.0,3.0999999999999943,101.0,93.4,7.599999999999994,70.3,62.5,7.799999999999997
2025,Creighton,Auburn,70,82,0,116.6,129.5,-12.900000000000006,98.3,93.3,5.0,67.9,68.6,-0.6999999999999886
2025,Gonzaga,Houston,76,81,0,123.3,124.3,-1.0,96.8,87.6,9.200000000000003,70.9,62.1,8.800000000000004
2025,McNeese,Purdue,62,76,0,113.8,124.9,-11.100000000000009,99.6,99.3,0.29999999999999716,66.0,65.8,0.20000000000000284
2025,Arkansas,St. John's,75,66,1,111.4,112.5,-1.0999999999999943,95.7,89.7,6.0,70.0,70.9,-0.9000000000000057
2025,UCLA,Tennessee,58,67,0,117.2,118.7,-1.5,94.6,90.5,4.099999999999994,65.8,64.6,1.2000000000000028
2025,Michigan,Texas A&M,91,79,1,116.5,115.4,1.0999999999999943,94.2,93.6,0.6000000000000085,70.3,66.9,3.3999999999999915
2025,Drake,Texas Tech,64,77,0,112.7,125.6,-12.899999999999991,98.3,96.9,1.3999999999999915,59.4,66.3,-6.899999999999999
2025,BYU,Wisconsin,91,89,1,124.1,122.6,1.5,99.0,96.7,2.299999999999997,67.9,68.3,-0.3999999999999915
2025,Saint Mary's,Alabama,66,80,0,115.0,127.2,-12.200000000000003,93.4,96.3,-2.8999999999999915,62.5,75.4,-12.900000000000006
2025,Oregon,Arizona,83,87,0,115.5,123.1,-7.599999999999994,96.9,96.3,0.6000000000000085,68.5,70.6,-2.0999999999999943
2025,Baylor,Duke,66,89,0,120.6,127.2,-6.6000000000000085,99.3,90.9,8.399999999999991,65.4,66.5,-1.0999999999999943
2025,Connecticut,Florida,75,77,0,121.0,126.8,-5.799999999999997,102.2,94.2,8.0,64.6,70.3,-5.700000000000003
2025,Mississippi,Iowa St.,91,78,1,117.0,119.2,-2.200000000000003,96.5,92.6,3.9000000000000057,68.8,69.3,-0.5
2025,Illinois,Kentucky,75,84,0,122.0,123.9,-1.9000000000000057,96.8,98.8,-2.0,72.1,71.6,0.5
2025,Colorado St.,Maryland,71,72,0,114.9,118.4,-3.5,99.0,92.1,6.900000000000006,66.8,70.6,-3.799999999999997
2025,New Mexico,Michigan St.,63,71,0,112.0,117.2,-5.200000000000003,95.6,92.2,3.3999999999999915,73.8,68.6,5.200000000000003
2025,BYU,Alabama,88,113,0,124.1,127.2,-3.1000000000000085,99.0,96.3,2.700000000000003,67.9,75.4,-7.5
2025,Arizona,Duke,93,100,0,123.1,127.2,-4.1000000000000085,96.3,90.9,5.3999999999999915,70.6,66.5,4.099999999999994
2025,Maryland,Florida,71,87,0,118.4,126.8,-8.399999999999991,92.1,94.2,-2.1000000000000085,70.6,70.3,0.29999999999999716
2025,Arkansas,Texas Tech,83,85,0,111.4,125.6,-14.199999999999989,95.7,96.9,-1.2000000000000028,70.0,66.3,3.700000000000003
2025,Michigan,Auburn,65,78,0,116.5,129.5,-13.0,94.2,93.3,0.9000000000000057,70.3,68.6,1.7000000000000028
2025,Purdue,Houston,60,62,0,124.9,124.3,0.6000000000000085,99.3,87.6,11.700000000000003,65.8,62.1,3.6999999999999957
2025,Mississippi,Michigan St.,70,73,0,117.0,117.2,-0.20000000000000284,96.5,92.2,4.299999999999997,68.8,68.6,0.20000000000000284
2025,Kentucky,Tennessee,65,78,0,123.9,118.7,5.200000000000003,98.8,90.5,8.299999999999997,71.6,64.6,7.0
2025,Alabama,Duke,65,85,0,127.2,127.2,0.0,96.3,90.9,5.3999999999999915,75.4,66.5,8.900000000000006
2025,Texas Tech,Florida,79,84,0,125.6,126.8,-1.2000000000000028,96.9,94.2,2.700000000000003,66.3,70.3,-4.0
2025,Michigan St.,Auburn,64,70,0,117.2,129.5,-12.299999999999997,92.2,93.3,-1.0999999999999943,68.6,68.6,0.0
2025,Tennessee,Houston,50,69,0,118.7,124.3,-5.599999999999994,90.5,87.6,2.9000000000000057,64.6,62.1,2.499999999999993
2025,Florida,Auburn,79,73,1,126.8,129.5,-2.700000000000003,94.2,93.3,0.9000000000000057,70.3,68.6,1.7000000000000028
2025,Houston,Duke,70,67,1,124.3,127.2,-2.9000000000000057,87.6,90.9,-3.3000000000000114,62.1,66.5,-4.399999999999999
2025,Florida,Houston,65,63,1,126.8,124.3,2.5,94.2,87.6,6.6000000000000085,70.3,62.1,8.199999999999996
